Channel Id,Channel Url,Channel Title
UC-CJE8OEmUU6sDVgLbNxeAw,http://www.youtube.com/channel/UC-CJE8OEmUU6sDVgLbNxeAw,Mads Neset
UC-MMny6n6xSgszAhXxWUuLQ,http://www.youtube.com/channel/UC-MMny6n6xSgszAhXxWUuLQ,DESIGNAREA
UC-NcqjEMr_ybHfK0pKN9m0g,http://www.youtube.com/channel/UC-NcqjEMr_ybHfK0pKN9m0g,Lowepost
UC-TbygL65GCTvKzmQC-a8Ng,http://www.youtube.com/channel/UC-TbygL65GCTvKzmQC-a8Ng,kdsketch
UC-WA-8KUa0caIJRV700koWw,http://www.youtube.com/channel/UC-WA-8KUa0caIJRV700koWw,Quitezy
UC-hWNDfG7LsuCFXZS19XSEA,http://www.youtube.com/channel/UC-hWNDfG7LsuCFXZS19XSEA,SYFEX TUTORIALS
UC07IkOxkN2LTddt6B5rjh7w,http://www.youtube.com/channel/UC07IkOxkN2LTddt6B5rjh7w,VFX - Start Pandrom
UC0A4O5SZaybkCoeT_WitK_Q,http://www.youtube.com/channel/UC0A4O5SZaybkCoeT_WitK_Q,Sanjeev NC | SaaS & AI Tamil
UC0EGOX-ncMGk96uShHKWBzw,http://www.youtube.com/channel/UC0EGOX-ncMGk96uShHKWBzw,レオル
UC0EH4DOJsSWgoeLWBLYjEdw,http://www.youtube.com/channel/UC0EH4DOJsSWgoeLWBLYjEdw,Yaurhan
UC0GWy7LzZ3kaHB6URtjiNlw,http://www.youtube.com/channel/UC0GWy7LzZ3kaHB6URtjiNlw,THUNDER BREAKER
UC0QTAiyPb6oLCAxZDdemiGw,http://www.youtube.com/channel/UC0QTAiyPb6oLCAxZDdemiGw,Herm1t.Tam1l
UC0WP5P-ufpRfjbNrmOWwLBQ,http://www.youtube.com/channel/UC0WP5P-ufpRfjbNrmOWwLBQ,The Weeknd
UC0WbX23_dcdDFOTuqaUNMRg,http://www.youtube.com/channel/UC0WbX23_dcdDFOTuqaUNMRg,Pyrom
UC0dRvMZmDcrWavCPT6Tc9UA,http://www.youtube.com/channel/UC0dRvMZmDcrWavCPT6Tc9UA,DaVinciPro
UC0pUoEMW37KKGJXgqxDyYyQ,http://www.youtube.com/channel/UC0pUoEMW37KKGJXgqxDyYyQ,Kinetic Amv
UC0rjDnTTPaYJoJmO-NGKKWA,http://www.youtube.com/channel/UC0rjDnTTPaYJoJmO-NGKKWA,roninteck
UC0szxwii-u4CZkJIt2iu4_A,http://www.youtube.com/channel/UC0szxwii-u4CZkJIt2iu4_A,Two Star
UC0wVQ6StHvTc9sTY-Z44LkQ,http://www.youtube.com/channel/UC0wVQ6StHvTc9sTY-Z44LkQ,Film Stop
UC0yli62Mak1MLu0tEthR3pw,http://www.youtube.com/channel/UC0yli62Mak1MLu0tEthR3pw,Laminar Fx
UC12Ej8pVllgI1sZ1R9Zai4Q,http://www.youtube.com/channel/UC12Ej8pVllgI1sZ1R9Zai4Q,G Engineer
UC16AG8GEtMY0l6eQtjSrzXA,http://www.youtube.com/channel/UC16AG8GEtMY0l6eQtjSrzXA,Core and Blue
UC1Da-IploOtTuUGbIUX4MHg,http://www.youtube.com/channel/UC1Da-IploOtTuUGbIUX4MHg,Vallal Media
UC1Dd2oyiuKPgR9RUBdYQqTw,http://www.youtube.com/channel/UC1Dd2oyiuKPgR9RUBdYQqTw,Cavalry
UC1MmrnDaPnNa55twYBiH4NA,http://www.youtube.com/channel/UC1MmrnDaPnNa55twYBiH4NA,Polyfjord
UC1OladBAODagynp3m5gYRLw,http://www.youtube.com/channel/UC1OladBAODagynp3m5gYRLw,Tokyo Sims
UC1RsWrySdGB76wOJVN2wrzQ,http://www.youtube.com/channel/UC1RsWrySdGB76wOJVN2wrzQ,iisobe
UC1S4Xp5dZ8XlFmhcWh4nE1g,http://www.youtube.com/channel/UC1S4Xp5dZ8XlFmhcWh4nE1g,TFrog
UC1UuvqYoo7nXqnfzKYBmJ8g,http://www.youtube.com/channel/UC1UuvqYoo7nXqnfzKYBmJ8g,Otaku Monkeys
UC1gZgV1KmTTFm4WSDRKuX0w,http://www.youtube.com/channel/UC1gZgV1KmTTFm4WSDRKuX0w,GRIZZ ♨️
UC1hjSdftjCVQIi9qiEGyKww,http://www.youtube.com/channel/UC1hjSdftjCVQIi9qiEGyKww,Pepko Motion
UC1xFsoUm5HAYHH2VHOE5Uqw,http://www.youtube.com/channel/UC1xFsoUm5HAYHH2VHOE5Uqw,Motion Design
UC27nF_clIOp2T3PrbgyJLOA,http://www.youtube.com/channel/UC27nF_clIOp2T3PrbgyJLOA,satuurnvfx
UC2AxdVphK3W_JK7K0njYw-A,http://www.youtube.com/channel/UC2AxdVphK3W_JK7K0njYw-A,Jerubi
UC2DpvkX0mnLA5oKuIBMtRDg,http://www.youtube.com/channel/UC2DpvkX0mnLA5oKuIBMtRDg,Foundry Learn
UC2G-aWYlldbgl9yvoEEyPRA,http://www.youtube.com/channel/UC2G-aWYlldbgl9yvoEEyPRA,Mark DK Berry
UC2SkTUu7CfCCiw3XjP_O25w,http://www.youtube.com/channel/UC2SkTUu7CfCCiw3XjP_O25w,BlackShit
UC2YWpSMLrUNUoPoavgmiIoQ,http://www.youtube.com/channel/UC2YWpSMLrUNUoPoavgmiIoQ,PolyaMath
UC2bSyCTXgaCjKt2wPo_5f1w,http://www.youtube.com/channel/UC2bSyCTXgaCjKt2wPo_5f1w,Ax8n fx
UC2qf302W0Hrh_so-CrSlvJg,http://www.youtube.com/channel/UC2qf302W0Hrh_so-CrSlvJg,Chrome Lion
UC2uK22gQZmo34Ku0nRZGu_A,http://www.youtube.com/channel/UC2uK22gQZmo34Ku0nRZGu_A,Zyck Wealth
UC2yMW1c2k_aYQwa5GgMDwmQ,http://www.youtube.com/channel/UC2yMW1c2k_aYQwa5GgMDwmQ,ahmad.animation
UC31BmQdSorC9IvFMVilgZgg,http://www.youtube.com/channel/UC31BmQdSorC9IvFMVilgZgg,Meh Studios
UC3ETHq8A5AqtxWqS6vCyBAA,http://www.youtube.com/channel/UC3ETHq8A5AqtxWqS6vCyBAA,Digital Vector Studios
UC3NEbHt05ECXPGo_2wc_gZQ,http://www.youtube.com/channel/UC3NEbHt05ECXPGo_2wc_gZQ,Sakai Vfx
UC3TX5JF6-VKpStmMlKKrseg,http://www.youtube.com/channel/UC3TX5JF6-VKpStmMlKKrseg,P3bble
UC3Uh6oo1FKKDRb-ZDz1GmQQ,http://www.youtube.com/channel/UC3Uh6oo1FKKDRb-ZDz1GmQQ,Pxffyworks
UC3XI0MtMTgqauxFS3Umi5Eg,http://www.youtube.com/channel/UC3XI0MtMTgqauxFS3Umi5Eg,James Lee (Animation)
UC3bOfw90adKkUknLDs6tW1A,http://www.youtube.com/channel/UC3bOfw90adKkUknLDs6tW1A,Duckiee
UC45vD0p_gC6CxfZCnDKkE5Q,http://www.youtube.com/channel/UC45vD0p_gC6CxfZCnDKkE5Q,Let's Talk Psychology Podcast
UC4IqXDIbMjDgFbctBDPB5lA,http://www.youtube.com/channel/UC4IqXDIbMjDgFbctBDPB5lA,CG Tech
UC4KbVbdWSX6TKPF7rZogyCQ,http://www.youtube.com/channel/UC4KbVbdWSX6TKPF7rZogyCQ,HearmemanAI
UC4Y5JNVRtviocW0_NKVc53A,http://www.youtube.com/channel/UC4Y5JNVRtviocW0_NKVc53A,Iruzen
UC4Yk7yISd0i7n8b0JGqjzKA,http://www.youtube.com/channel/UC4Yk7yISd0i7n8b0JGqjzKA,Danish Mir
UC4mR9c6KXNzLQ7kfBM1fI-Q,http://www.youtube.com/channel/UC4mR9c6KXNzLQ7kfBM1fI-Q,seven
UC4rzA4j3tZDm-ITY4Pbm7Ew,http://www.youtube.com/channel/UC4rzA4j3tZDm-ITY4Pbm7Ew,Terr
UC50UVxHyFxMghdSe0kAkKaQ,http://www.youtube.com/channel/UC50UVxHyFxMghdSe0kAkKaQ,Kuroroox
UC56jLx-bqZVsn55WdUbmjWw,http://www.youtube.com/channel/UC56jLx-bqZVsn55WdUbmjWw,Razor
UC59YUBhNLMkS2Q8NBWBGHAA,http://www.youtube.com/channel/UC59YUBhNLMkS2Q8NBWBGHAA,Zerodha
UC5DdwW9AqadncAZuppnq_Jw,http://www.youtube.com/channel/UC5DdwW9AqadncAZuppnq_Jw,Metroid
UC5QXCQQk3PJFhVzmZYa08QQ,http://www.youtube.com/channel/UC5QXCQQk3PJFhVzmZYa08QQ,allkustom
UC5Wvxm5YRmY8fhsBuXzl4Kg,http://www.youtube.com/channel/UC5Wvxm5YRmY8fhsBuXzl4Kg,Tommy WIP.
UC5Y5yLokkkO5ObuLcQSvm2Q,http://www.youtube.com/channel/UC5Y5yLokkkO5ObuLcQSvm2Q,Scenery
UC5ZPO00-KzKEptdUL8wq7VA,http://www.youtube.com/channel/UC5ZPO00-KzKEptdUL8wq7VA,Noddy
UC5_7sJnH-Qt3XVIeDEsn6RA,http://www.youtube.com/channel/UC5_7sJnH-Qt3XVIeDEsn6RA,COUB-MEN 
UC5e3REZSFUY3Jhi93HgrkJA,http://www.youtube.com/channel/UC5e3REZSFUY3Jhi93HgrkJA,KOUKOO
UC5g1kvyNO83VDWfb6sOVHeg,http://www.youtube.com/channel/UC5g1kvyNO83VDWfb6sOVHeg,Zane Hoyer
UC5kjRNaZqtEAy-zFcFOYhjA,http://www.youtube.com/channel/UC5kjRNaZqtEAy-zFcFOYhjA,Rahmat hidayatt
UC5poBN_1X-vi0iCWgnJJrYg,http://www.youtube.com/channel/UC5poBN_1X-vi0iCWgnJJrYg,Hateful.
UC5qZAer-tq8S9hKpy4wjdoQ,http://www.youtube.com/channel/UC5qZAer-tq8S9hKpy4wjdoQ,Beeble - VIDEO TO VFX
UC60_4GqErSZjznVvHQ-Vrlw,http://www.youtube.com/channel/UC60_4GqErSZjznVvHQ-Vrlw,CrunchDZN
UC64Capwi3DFivWPcqDZe1bw,http://www.youtube.com/channel/UC64Capwi3DFivWPcqDZe1bw,Mitch Lifts
UC6EKdw1_1XYDa-WFKspcjvQ,http://www.youtube.com/channel/UC6EKdw1_1XYDa-WFKspcjvQ,Mommyshandsomeboi 
UC6Nzn8QLnSJQrIt23tjYx6Q,http://www.youtube.com/channel/UC6Nzn8QLnSJQrIt23tjYx6Q,Zenin Fxッ
UC6P24bhhCmMPOcujA9PKPTA,http://www.youtube.com/channel/UC6P24bhhCmMPOcujA9PKPTA,Film Riot
UC6SjKKNsyFLeL-IbtQzxXPA,http://www.youtube.com/channel/UC6SjKKNsyFLeL-IbtQzxXPA,Alex Villabon
UC6Y5W96Lg63qdDmYKq8R1Zw,http://www.youtube.com/channel/UC6Y5W96Lg63qdDmYKq8R1Zw,Shikxku
UC6eENENelL28JIIY79LMJ9Q,http://www.youtube.com/channel/UC6eENENelL28JIIY79LMJ9Q,flwrypjy
UC6j6Ge9YLIcZ1_4iF1i9MVQ,http://www.youtube.com/channel/UC6j6Ge9YLIcZ1_4iF1i9MVQ,wVinyu
UC6nd0119BvcUJvfljZSY16Q,http://www.youtube.com/channel/UC6nd0119BvcUJvfljZSY16Q,net !
UC7Gc-jy3wu_UYyFgBdM3CpQ,http://www.youtube.com/channel/UC7Gc-jy3wu_UYyFgBdM3CpQ,Gandi Muliadi
UC7M-Wz4zK8oikt6ATcoTwBA,http://www.youtube.com/channel/UC7M-Wz4zK8oikt6ATcoTwBA,Freya Holmér
UC7RMQ_kEy0GcS8ZsosbZtSQ,http://www.youtube.com/channel/UC7RMQ_kEy0GcS8ZsosbZtSQ,Apurv Das
UC7eCpqi0_N8C4o3146XS81A,http://www.youtube.com/channel/UC7eCpqi0_N8C4o3146XS81A,Alain Elineau
UC7gKPZVxUPWaVQiVJxMHuUA,http://www.youtube.com/channel/UC7gKPZVxUPWaVQiVJxMHuUA,Mavoc
UC7zxdYeB6MFdSbXkTKdLNHA,http://www.youtube.com/channel/UC7zxdYeB6MFdSbXkTKdLNHA,Fusion Studios.
UC8JU7aYS9VCM-q79wgXEL-Q,http://www.youtube.com/channel/UC8JU7aYS9VCM-q79wgXEL-Q,Nexus Unit
UC8QED95bQ2X9VzVCTfqoOfQ,http://www.youtube.com/channel/UC8QED95bQ2X9VzVCTfqoOfQ,stcubing
UC8RevSo0XCM8Me1HVmit_MQ,http://www.youtube.com/channel/UC8RevSo0XCM8Me1HVmit_MQ,Xtra_Creamy
UC8XOaysyWKZ1gX_58QiqUXg,http://www.youtube.com/channel/UC8XOaysyWKZ1gX_58QiqUXg,VFXstudy
UC8gS6DO5Mo88kZbOiQvaSeg,http://www.youtube.com/channel/UC8gS6DO5Mo88kZbOiQvaSeg,Nagi
UC8sBrtrmh33WHZNZqnVOwCA,http://www.youtube.com/channel/UC8sBrtrmh33WHZNZqnVOwCA,Wizzy Tutorials 
UC8ubPJUQYGYotnbMLVTr-2Q,http://www.youtube.com/channel/UC8ubPJUQYGYotnbMLVTr-2Q,Ssorsa
UC8vOqCiMelDzID3_9lcUYXg,http://www.youtube.com/channel/UC8vOqCiMelDzID3_9lcUYXg,MDMZ
UC8wAEj6bTJVAQ0V4ZDN38pA,http://www.youtube.com/channel/UC8wAEj6bTJVAQ0V4ZDN38pA,Mila
UC8x_WX4VEyAMahMb2ZAKThg,http://www.youtube.com/channel/UC8x_WX4VEyAMahMb2ZAKThg,ZYRO FX
UC9FH0Iei-gIh6DBJYuw30Zg,http://www.youtube.com/channel/UC9FH0Iei-gIh6DBJYuw30Zg,Josh Toonen
UC9TVrc-LtnpakJJlVJrK_Zg,http://www.youtube.com/channel/UC9TVrc-LtnpakJJlVJrK_Zg,Silence
UC9VayT7q3pQ7tdF-TG4Q0yQ,http://www.youtube.com/channel/UC9VayT7q3pQ7tdF-TG4Q0yQ,CG Cookie – Learn Blender
UC9ZIEIGvS4KWOt7SO8J0EFQ,http://www.youtube.com/channel/UC9ZIEIGvS4KWOt7SO8J0EFQ,@creativediaryofficial
UC9lzKxfFUHjNi2DVRa9LgEQ,http://www.youtube.com/channel/UC9lzKxfFUHjNi2DVRa9LgEQ,AFORK 編集
UC9u28hhWyTcXO2rzINQKtxQ,http://www.youtube.com/channel/UC9u28hhWyTcXO2rzINQKtxQ,HIXE ツ
UC9x0AN7BWHpCDHSm9NiJFJQ,http://www.youtube.com/channel/UC9x0AN7BWHpCDHSm9NiJFJQ,NetworkChuck
UCA-72qiAMFR1i36JdBB5CTQ,http://www.youtube.com/channel/UCA-72qiAMFR1i36JdBB5CTQ,Stoic笑
UCA295QVkf9O1RQ8_-s3FVXg,http://www.youtube.com/channel/UCA295QVkf9O1RQ8_-s3FVXg,Aevy TV
UCA62Qm87t_vRA_wxM3AsY5A,http://www.youtube.com/channel/UCA62Qm87t_vRA_wxM3AsY5A,Vortex 
UCAEGhZOT5_supQR1IvOwf0w,http://www.youtube.com/channel/UCAEGhZOT5_supQR1IvOwf0w,KRATOS編
UCAK7PNyTN5QHIHvN6df3CYg,http://www.youtube.com/channel/UCAK7PNyTN5QHIHvN6df3CYg,skape
UCAOjzRxD981luklxQ4FwwVA,http://www.youtube.com/channel/UCAOjzRxD981luklxQ4FwwVA,Sweater Cat Designs
UCAXnCEGm0itLAIz5xUVHfbg,http://www.youtube.com/channel/UCAXnCEGm0itLAIz5xUVHfbg,Zept 
UCAYTwFk4xCES4-AaYus9yZA,http://www.youtube.com/channel/UCAYTwFk4xCES4-AaYus9yZA,Affinity
UCAaca-lKGFJrin_m8rSJ8EQ,http://www.youtube.com/channel/UCAaca-lKGFJrin_m8rSJ8EQ,Alvagara
UCAbWQSjYVS7mD26ycHIM9Iw,http://www.youtube.com/channel/UCAbWQSjYVS7mD26ycHIM9Iw,Spencer Torok 
UCAfF18-lKbdI4lqHGmlO9-A,http://www.youtube.com/channel/UCAfF18-lKbdI4lqHGmlO9-A,Paal Dabba
UCAhdxqdrDN3gWJkaUFl9G-Q,http://www.youtube.com/channel/UCAhdxqdrDN3gWJkaUFl9G-Q,School of Motion
UCAszd0CkqMEGZUmETM7Ny1w,http://www.youtube.com/channel/UCAszd0CkqMEGZUmETM7Ny1w,Madness Magician
UCAxYH9DWyVmMpS9NgyxoTFQ,http://www.youtube.com/channel/UCAxYH9DWyVmMpS9NgyxoTFQ,AlanBeckerTutorials
UCB2EnWrVoX3KEC26kQrx3zg,http://www.youtube.com/channel/UCB2EnWrVoX3KEC26kQrx3zg,OBITO涼
UCBLr0qg9DZtUxqlFBby8GZg,http://www.youtube.com/channel/UCBLr0qg9DZtUxqlFBby8GZg,Diego Woods
UCBQwM3GW7w_EhPvNK6pbagw,http://www.youtube.com/channel/UCBQwM3GW7w_EhPvNK6pbagw,ABN FX
UCBa659QWEk1AI4Tg--mrJ2A,http://www.youtube.com/channel/UCBa659QWEk1AI4Tg--mrJ2A,Tom Scott
UCBekoGGJpE8r7VPpYSv3Y0w,http://www.youtube.com/channel/UCBekoGGJpE8r7VPpYSv3Y0w,Bracer Jack
UCBfINQM5dv5d52zs5u0hDGg,http://www.youtube.com/channel/UCBfINQM5dv5d52zs5u0hDGg,lokesh.r.v
UCBhAYzNJ9Lqrd8a7fFT5YRw,http://www.youtube.com/channel/UCBhAYzNJ9Lqrd8a7fFT5YRw,JORDAN EDITZS
UCBq1xTd4dLBkpGzpBpnY60g,http://www.youtube.com/channel/UCBq1xTd4dLBkpGzpBpnY60g,KEROX
UCC02HKU75G3L3aLynfMk_zg,http://www.youtube.com/channel/UCC02HKU75G3L3aLynfMk_zg,CW CreationZ
UCC2Vt0RE9FffN1tCWWeoRlA,http://www.youtube.com/channel/UCC2Vt0RE9FffN1tCWWeoRlA,durgesh bisen
UCC2cxaDs1QRKyovfqEZ_OjQ,http://www.youtube.com/channel/UCC2cxaDs1QRKyovfqEZ_OjQ,copy ninja
UCCAqSErX2Rp-QADZNPfPK6A,http://www.youtube.com/channel/UCCAqSErX2Rp-QADZNPfPK6A,JayKay
UCCLMBSCRB8akgrH3fBggeTw,http://www.youtube.com/channel/UCCLMBSCRB8akgrH3fBggeTw,Ansari
UCCQhYL9M1ddEhESOrznKALg,http://www.youtube.com/channel/UCCQhYL9M1ddEhESOrznKALg,𝖋𝖊𝖑𝖎𝖝.𝖆𝖊𝖕
UCCSNLs-Luow_WYBzHRiK6-Q,http://www.youtube.com/channel/UCCSNLs-Luow_WYBzHRiK6-Q,Selva Sketches
UCCZ0fF2hFRrgOwjGvoXlTfg,http://www.youtube.com/channel/UCCZ0fF2hFRrgOwjGvoXlTfg,Gurubaai
UCCkLMimnKzKbOQYxPDSYXFw,http://www.youtube.com/channel/UCCkLMimnKzKbOQYxPDSYXFw,samyam
UCCzH4U7Fr1_cuYe0S22Ns_A,http://www.youtube.com/channel/UCCzH4U7Fr1_cuYe0S22Ns_A,கேபர் வாசுகி 
UCD3ivAQE5WPT0wUVupxoXDQ,http://www.youtube.com/channel/UCD3ivAQE5WPT0wUVupxoXDQ,Nathan
UCDA8cbYrQU1Rux4sYdXoKpg,http://www.youtube.com/channel/UCDA8cbYrQU1Rux4sYdXoKpg,Keshav Ae
UCDCrytW8R8VjrT3h1qOGtbw,http://www.youtube.com/channel/UCDCrytW8R8VjrT3h1qOGtbw,BESHAL BZ
UCDFtESeQyC04kAe-zklSs3w,http://www.youtube.com/channel/UCDFtESeQyC04kAe-zklSs3w,Shout OTB
UCDFuqjCdhnVMOM5bY-5Gx8Q,http://www.youtube.com/channel/UCDFuqjCdhnVMOM5bY-5Gx8Q,Studio Helaela
UCDJ9ekyNm0UAIPtTROqcb8Q,http://www.youtube.com/channel/UCDJ9ekyNm0UAIPtTROqcb8Q,MAKIマ
UCDMmCDCbNNKpniqLaxAvNMw,http://www.youtube.com/channel/UCDMmCDCbNNKpniqLaxAvNMw,Creator Sergeant - Julian Woldan
UCDSsyG90Gsa7RyboQ1DpYPQ,http://www.youtube.com/channel/UCDSsyG90Gsa7RyboQ1DpYPQ,Asal Kolaar
UCDXQAs0sTXxOz7f5B17yYHg,http://www.youtube.com/channel/UCDXQAs0sTXxOz7f5B17yYHg,XOUTER神
UCDZOGOgYTZLYgL3SsUDKjGw,http://www.youtube.com/channel/UCDZOGOgYTZLYgL3SsUDKjGw,Oliver.
UCDe5S9O-1XvEHD1Pl_flQcA,http://www.youtube.com/channel/UCDe5S9O-1XvEHD1Pl_flQcA,Sling
UCDeBv97cbF2EC7Xmn2qT-mg,http://www.youtube.com/channel/UCDeBv97cbF2EC7Xmn2qT-mg,SkillForge Mixture Zone
UCDeQdW6Lt6nhq3mLM4oLGWw,http://www.youtube.com/channel/UCDeQdW6Lt6nhq3mLM4oLGWw,NVIDIA Studio
UCDlfmf-_QH7GbdJiZdte_qQ,http://www.youtube.com/channel/UCDlfmf-_QH7GbdJiZdte_qQ,𝐒𝐚𝐧𝐌𝐨𝐭𝐢𝐨𝐧
UCDrhVgCmBnrgytfJ3rzfxrA,http://www.youtube.com/channel/UCDrhVgCmBnrgytfJ3rzfxrA,supercut
UCDulvPOSym6zwLcV-cguOPg,http://www.youtube.com/channel/UCDulvPOSym6zwLcV-cguOPg,JustSaba
UCE4nyf5Mj7I-_hypQxA-bwA,http://www.youtube.com/channel/UCE4nyf5Mj7I-_hypQxA-bwA,Visual Space by CreateZcale
UCEI6yLkojv-mSTqHhX-oAzA,http://www.youtube.com/channel/UCEI6yLkojv-mSTqHhX-oAzA,utena.
UCEPsFtgvc2cyextlcY9Wvig,http://www.youtube.com/channel/UCEPsFtgvc2cyextlcY9Wvig,Sireyy AE
UCEQXp_fcqwPcqrzNtWJ1w9w,http://www.youtube.com/channel/UCEQXp_fcqwPcqrzNtWJ1w9w,Logos By Nick
UCEhYWUp3jRKQF7GHjhpcI_g,http://www.youtube.com/channel/UCEhYWUp3jRKQF7GHjhpcI_g,Paul O Caggegi
UCEkf_CiKTHjxz7QHuojZJBQ,http://www.youtube.com/channel/UCEkf_CiKTHjxz7QHuojZJBQ,Camera Tim
UCEmuxUVjZhPW0B7V2v6Xxcg,http://www.youtube.com/channel/UCEmuxUVjZhPW0B7V2v6Xxcg,FusionBrew
UCF2AMgqACTBt90x2CKP8nYQ,http://www.youtube.com/channel/UCF2AMgqACTBt90x2CKP8nYQ,Fafy🕺
UCF4QKhPMP1JybbkIJzIayww,http://www.youtube.com/channel/UCF4QKhPMP1JybbkIJzIayww,BBC News India
UCF5pdu3Z2Hk8bouDB_C3zFg,http://www.youtube.com/channel/UCF5pdu3Z2Hk8bouDB_C3zFg,ECAbrams
UCFGpD4tKFhCGd5-upjkUjqA,http://www.youtube.com/channel/UCFGpD4tKFhCGd5-upjkUjqA,Drager Studio
UCFLU839FWJhSJSDMoaen6zA,http://www.youtube.com/channel/UCFLU839FWJhSJSDMoaen6zA,Santhanaraj
UCFa_lzTYRfl4W892RcO0q6w,http://www.youtube.com/channel/UCFa_lzTYRfl4W892RcO0q6w,June Yu
UCFallHhgJJE-qtWylLIPgOA,http://www.youtube.com/channel/UCFallHhgJJE-qtWylLIPgOA,Epic Made 
UCFdqe8W8CRFQqyNQQEcVHRg,http://www.youtube.com/channel/UCFdqe8W8CRFQqyNQQEcVHRg,Ghost people
UCFfaQqEqC3Hsp_TognI4RwA,http://www.youtube.com/channel/UCFfaQqEqC3Hsp_TognI4RwA,AzwaadMM
UCFsUH7Zyy0UXAfv6KQGq9eg,http://www.youtube.com/channel/UCFsUH7Zyy0UXAfv6KQGq9eg,Noggi
UCFtZl_0rwO6o_LUoPN42_Zw,http://www.youtube.com/channel/UCFtZl_0rwO6o_LUoPN42_Zw,Graphite
UCFu9rE7zo7gvWqHCxWpH3FA,http://www.youtube.com/channel/UCFu9rE7zo7gvWqHCxWpH3FA,George Kayesi
UCFzEwLZMYALXq5JtiPlGr5A,http://www.youtube.com/channel/UCFzEwLZMYALXq5JtiPlGr5A,Vaara iruthi
UCG4gAqcIgrW26ans7LzDeeA,http://www.youtube.com/channel/UCG4gAqcIgrW26ans7LzDeeA,Nion Anarchy
UCG5Ph9Mm6UEQLJJ-kGIC2AQ,http://www.youtube.com/channel/UCG5Ph9Mm6UEQLJJ-kGIC2AQ,OneMarcFifty
UCGJwP_2uSbeTrkM3lGOhsDg,http://www.youtube.com/channel/UCGJwP_2uSbeTrkM3lGOhsDg,Arthur Baum
UCGKEMK3s-ZPbjVOIuAV8clQ,http://www.youtube.com/channel/UCGKEMK3s-ZPbjVOIuAV8clQ,Core Dumped
UCGKjGGjdl-GzEcFPf1EQwqw,http://www.youtube.com/channel/UCGKjGGjdl-GzEcFPf1EQwqw,William Faucher
UCGKwyS1XG5DaXm9ryG35h0w,http://www.youtube.com/channel/UCGKwyS1XG5DaXm9ryG35h0w,EVERYTHING IS CGI
UCGMyyn2FdEFcDfP1wQRh5lQ,http://www.youtube.com/channel/UCGMyyn2FdEFcDfP1wQRh5lQ,Erindale
UCGOUbMAayW8w591aAiOn5RA,http://www.youtube.com/channel/UCGOUbMAayW8w591aAiOn5RA,Reymaster44
UCGSBbc_ZdzPJkamksICiwrQ,http://www.youtube.com/channel/UCGSBbc_ZdzPJkamksICiwrQ,Millolab Tuts
UCG_cuN2gE9w83CU12VaKNqQ,http://www.youtube.com/channel/UCG_cuN2gE9w83CU12VaKNqQ,Zenny Tutorials
UCGa56hCVQofwT8vAmpThZPQ,http://www.youtube.com/channel/UCGa56hCVQofwT8vAmpThZPQ,spidy 神
UCGf_RESwWGnGNUMjOKi8VxQ,http://www.youtube.com/channel/UCGf_RESwWGnGNUMjOKi8VxQ,DJ Kerr
UCGmR6lhKMlCkvrvb39vPtdA,http://www.youtube.com/channel/UCGmR6lhKMlCkvrvb39vPtdA,Steve (Builder.io)
UCGsfRzooFLWJsmrzTxM7Mdg,http://www.youtube.com/channel/UCGsfRzooFLWJsmrzTxM7Mdg,xSense
UCGul9L7LZ2vnUR9IFLJINjw,http://www.youtube.com/channel/UCGul9L7LZ2vnUR9IFLJINjw,BlenderHub 
UCH0p19wOjAZQENFIlZpCr2Q,http://www.youtube.com/channel/UCH0p19wOjAZQENFIlZpCr2Q,Leaf
UCH2bqtMMFTB1m2pA80E40Eg,http://www.youtube.com/channel/UCH2bqtMMFTB1m2pA80E40Eg,sanchezae
UCH68J99cLNAuCO_O9XT3Y4Q,http://www.youtube.com/channel/UCH68J99cLNAuCO_O9XT3Y4Q,bytedozer
UCH6WP51gQRLdcrlY43eL6ig,http://www.youtube.com/channel/UCH6WP51gQRLdcrlY43eL6ig,Closzure
UCH8Gr3_lhXOste8VhYok9kA,http://www.youtube.com/channel/UCH8Gr3_lhXOste8VhYok9kA,Branden Arc
UCHHDLlTtgDwdeJs3UaAxu1Q,http://www.youtube.com/channel/UCHHDLlTtgDwdeJs3UaAxu1Q,zynthrix
UCHSWTBrcrJkXt3ACVqOKNnQ,http://www.youtube.com/channel/UCHSWTBrcrJkXt3ACVqOKNnQ,Bibek | Video Editor
UCHWq8J_nvQqugBTH19ILCEA,http://www.youtube.com/channel/UCHWq8J_nvQqugBTH19ILCEA,OpenHands
UCHZLsfNzkSqdBtJl6g_5Fmw,http://www.youtube.com/channel/UCHZLsfNzkSqdBtJl6g_5Fmw,Matt McCool
UCH_hJVlFlFWQV2zQsjkQo5Q,http://www.youtube.com/channel/UCH_hJVlFlFWQV2zQsjkQo5Q,Guy Skills
UCHfvRnBxqGekhy3Du85W5aQ,http://www.youtube.com/channel/UCHfvRnBxqGekhy3Du85W5aQ,ajay_editz77
UCHpIQdMhq64uBfk25llvHmA,http://www.youtube.com/channel/UCHpIQdMhq64uBfk25llvHmA,PeeJ ENT
UCI4372kZzVFKzXTiSFfHxUg,http://www.youtube.com/channel/UCI4372kZzVFKzXTiSFfHxUg,BLMZ
UCIMM5d19XyuK_1Fx8TrpZHQ,http://www.youtube.com/channel/UCIMM5d19XyuK_1Fx8TrpZHQ,AR
UCINXE4icrMVMDRVDUfKYhww,http://www.youtube.com/channel/UCINXE4icrMVMDRVDUfKYhww,chae
UCIOny8JHEzJsbTM-bh29ePw,http://www.youtube.com/channel/UCIOny8JHEzJsbTM-bh29ePw,Acly
UCIcrA13YzojoPIa38xCjYIA,http://www.youtube.com/channel/UCIcrA13YzojoPIa38xCjYIA,SharpWind
UCIgnGlGkVRhd4qNFcEwLL4A,http://www.youtube.com/channel/UCIgnGlGkVRhd4qNFcEwLL4A,AI Search
UCIom8MBI48pMo2ErKJ-iO9g,http://www.youtube.com/channel/UCIom8MBI48pMo2ErKJ-iO9g,Ryzen DFM 
UCJ8Bsh31OORURl3VMsMkCsg,http://www.youtube.com/channel/UCJ8Bsh31OORURl3VMsMkCsg,H0
UCJA9j-_9fe8Ehd0YUZkdvQA,http://www.youtube.com/channel/UCJA9j-_9fe8Ehd0YUZkdvQA,Cosmic Shirkuma
UCJJV8pckL_OiW-IpzwPqAfw,http://www.youtube.com/channel/UCJJV8pckL_OiW-IpzwPqAfw,The Editing Podcast
UCJMph8kkRXqt64KqGD-o7DQ,http://www.youtube.com/channel/UCJMph8kkRXqt64KqGD-o7DQ,Troysign
UCJN6ndA64DyasLrJmJSprfQ,http://www.youtube.com/channel/UCJN6ndA64DyasLrJmJSprfQ,Illumina one
UCJP5Jin0SWumLle0AY9n3Hw,http://www.youtube.com/channel/UCJP5Jin0SWumLle0AY9n3Hw,ZENB
UCJRfzT7fHmvmkF05HHPgRww,http://www.youtube.com/channel/UCJRfzT7fHmvmkF05HHPgRww,Valentin Bold
UCJZPD14zJLejsCrY9Jrw-wA,http://www.youtube.com/channel/UCJZPD14zJLejsCrY9Jrw-wA,Crazy stories
UCJc7M_Yntt8owOpIwvnIndA,http://www.youtube.com/channel/UCJc7M_Yntt8owOpIwvnIndA,Emonee LaRussa
UCJcCB-QYPIBcbKcBQOTwhiA,http://www.youtube.com/channel/UCJcCB-QYPIBcbKcBQOTwhiA,Vj Siddhu Vlogs
UCJdJmUKPlfeCQdn3xshfdeA,http://www.youtube.com/channel/UCJdJmUKPlfeCQdn3xshfdeA,LTX_io
UCJjG4BPoWhmIu9qnZG_2FpQ,http://www.youtube.com/channel/UCJjG4BPoWhmIu9qnZG_2FpQ,Fl3amy
UCJyJ2vW1pDoKn4Qj6kxr1AQ,http://www.youtube.com/channel/UCJyJ2vW1pDoKn4Qj6kxr1AQ,maioka
UCK3JvjP5TwtetNSRwur-Reg,http://www.youtube.com/channel/UCK3JvjP5TwtetNSRwur-Reg,Purgify
UCK40OVY_wdE1W1ce1FGX56w,http://www.youtube.com/channel/UCK40OVY_wdE1W1ce1FGX56w,Science of Aesthetics
UCK7lXyCH4lyt9Mt0Hx3Zopg,http://www.youtube.com/channel/UCK7lXyCH4lyt9Mt0Hx3Zopg,neptun.
UCKBURc62w9crMI1BhzHRnvw,http://www.youtube.com/channel/UCKBURc62w9crMI1BhzHRnvw,Mickmumpitz
UCKZ6SHFek5a-Zk0fnRpZTag,http://www.youtube.com/channel/UCKZ6SHFek5a-Zk0fnRpZTag,Oxxy fx / gamer
UCKjGF3701G3-IonrAq_e2JQ,http://www.youtube.com/channel/UCKjGF3701G3-IonrAq_e2JQ,Pinckus
UCKxMEMcS9r2bs4nXaHgCO9g,http://www.youtube.com/channel/UCKxMEMcS9r2bs4nXaHgCO9g,pack
UCKyWiVrMUW-YzYWiSZovB7g,http://www.youtube.com/channel/UCKyWiVrMUW-YzYWiSZovB7g,Sofi Briff
UCLIuqLghPiPHDxlx_BP3ixA,http://www.youtube.com/channel/UCLIuqLghPiPHDxlx_BP3ixA,ABzOgun
UCLRkE82vPuaYSPfxkRHwcAw,http://www.youtube.com/channel/UCLRkE82vPuaYSPfxkRHwcAw,eitaX
UCLWYenhRdAaiolNFV91igXQ,http://www.youtube.com/channel/UCLWYenhRdAaiolNFV91igXQ,UNTOLD PROTOCOL
UCLioXhHP4lng7wXMDvsZFEA,http://www.youtube.com/channel/UCLioXhHP4lng7wXMDvsZFEA,Karthi Durai
UCLk-saLInMPdVIhRzSlobyw,http://www.youtube.com/channel/UCLk-saLInMPdVIhRzSlobyw,OFFICIAL NOBIT
UCLmXX3HhYg7ybBL9izaFFgQ,http://www.youtube.com/channel/UCLmXX3HhYg7ybBL9izaFFgQ,Lottielab
UCLoFVYPnmdQlUhBehC_PpYw,http://www.youtube.com/channel/UCLoFVYPnmdQlUhBehC_PpYw,CloutVFX
UCLrs8KcyJ13WQ7kO7mMCkPQ,http://www.youtube.com/channel/UCLrs8KcyJ13WQ7kO7mMCkPQ,InLightVFX
UCLxT5Yl_iaz1QTzs1tOX5tw,http://www.youtube.com/channel/UCLxT5Yl_iaz1QTzs1tOX5tw,Floxy玄
UCM8ZFySd8MjFHmqOI8lOpGA,http://www.youtube.com/channel/UCM8ZFySd8MjFHmqOI8lOpGA,Nextcore
UCMGpuG2KMHMtczy3S1hNYSA,http://www.youtube.com/channel/UCMGpuG2KMHMtczy3S1hNYSA,Nellai.mp4
UCMJMUbJKoVuJwndR4CMVqsw,http://www.youtube.com/channel/UCMJMUbJKoVuJwndR4CMVqsw,nocky
UCMNLdJUdCYq-N8Bg4O6UPMQ,http://www.youtube.com/channel/UCMNLdJUdCYq-N8Bg4O6UPMQ,Paweł Chądzyński
UCMUy_WsUIYbM_hKR9drb9dA,http://www.youtube.com/channel/UCMUy_WsUIYbM_hKR9drb9dA,Julia Turc
UCMWKrNWUFvC2VKv0a7OJobw,http://www.youtube.com/channel/UCMWKrNWUFvC2VKv0a7OJobw,Tamil Amv Edits
UCMbxWcQYTzXSQPSBhEs9JMw,http://www.youtube.com/channel/UCMbxWcQYTzXSQPSBhEs9JMw,cameron
UCMhg5Am5Cf6p2ynp244U3cA,http://www.youtube.com/channel/UCMhg5Am5Cf6p2ynp244U3cA,PLASMOPHILIA
UCMlpADWYshLG77urzX1EqfA,http://www.youtube.com/channel/UCMlpADWYshLG77urzX1EqfA,Elcgntly
UCMqvGpXT3Qut2jMBaitEw5Q,http://www.youtube.com/channel/UCMqvGpXT3Qut2jMBaitEw5Q,UN1K
UCMsFbCtD01q-NplwjDadswg,http://www.youtube.com/channel/UCMsFbCtD01q-NplwjDadswg,V_ FusioN
UCMy0zn6hTikQbc7GcfGmRHQ,http://www.youtube.com/channel/UCMy0zn6hTikQbc7GcfGmRHQ,Alterr
UCN0SGBvLd8NU-W6ak1qNs7g,http://www.youtube.com/channel/UCN0SGBvLd8NU-W6ak1qNs7g,Azukar 
UCNJa6KEIF0x0aHqDlqIr2ag,http://www.youtube.com/channel/UCNJa6KEIF0x0aHqDlqIr2ag,f1oletc
UCNLKDnUicZPR-xevEA9_AbA,http://www.youtube.com/channel/UCNLKDnUicZPR-xevEA9_AbA,DarkWhite Productions
UCNgDdit4SL71T3ZxThn2jyw,http://www.youtube.com/channel/UCNgDdit4SL71T3ZxThn2jyw,Digitalist
UCO1P8vBu06X_M1VvKv4e4xQ,http://www.youtube.com/channel/UCO1P8vBu06X_M1VvKv4e4xQ,ParicoVFX
UCO4H5YQkZJJ6GccR2vSW7iA,http://www.youtube.com/channel/UCO4H5YQkZJJ6GccR2vSW7iA,Skyce
UCO5AR5auOP9dajXwidKsO0Q,http://www.youtube.com/channel/UCO5AR5auOP9dajXwidKsO0Q,Xero.graphh
UCOOQxlTCtUz9mr1NPWlJyYQ,http://www.youtube.com/channel/UCOOQxlTCtUz9mr1NPWlJyYQ,Jon Matthis
UCORX3Cl7ByidjEgzSCgv9Yw,http://www.youtube.com/channel/UCORX3Cl7ByidjEgzSCgv9Yw,Anastasi In Tech
UCOY6oNxodGWbFg6CjXtae5g,http://www.youtube.com/channel/UCOY6oNxodGWbFg6CjXtae5g,fixtSE
UCObL8NCX6s24juGBOGShQ1A,http://www.youtube.com/channel/UCObL8NCX6s24juGBOGShQ1A,CRAYON MEDIA
UCOc9_2EiEc6XrHZZ1Gupv8g,http://www.youtube.com/channel/UCOc9_2EiEc6XrHZZ1Gupv8g,Yeah Tube
UCOsXBJxw4-xDYQzo-ut4aiA,http://www.youtube.com/channel/UCOsXBJxw4-xDYQzo-ut4aiA,mdx_editz
UCOuC5Na1IM9z-Dj_fvj8iAQ,http://www.youtube.com/channel/UCOuC5Na1IM9z-Dj_fvj8iAQ,VeikkaDoesEditing
UCOwXdxE3HLAJVM4WG48_7OQ,http://www.youtube.com/channel/UCOwXdxE3HLAJVM4WG48_7OQ,Darren Frenette
UCPIM-Ev-sEJ_aEcpDCndqUQ,http://www.youtube.com/channel/UCPIM-Ev-sEJ_aEcpDCndqUQ,Advocate Vignesh MuthuKumar
UCPa7bvOg_r54NaQb7GJA9Eg,http://www.youtube.com/channel/UCPa7bvOg_r54NaQb7GJA9Eg,WLOP
UCPbGswgsKL5gpXILvYFPV3g,http://www.youtube.com/channel/UCPbGswgsKL5gpXILvYFPV3g,Jasper Pagan
UCPh1BamKfAiv8yO-TgguQGw,http://www.youtube.com/channel/UCPh1BamKfAiv8yO-TgguQGw,Was Iguro.
UCPjjOx1g4gdeOZ7-p3C78CQ,http://www.youtube.com/channel/UCPjjOx1g4gdeOZ7-p3C78CQ,Amr Darwish
UCPlWUor-bNgsTyA5NSSCoLw,http://www.youtube.com/channel/UCPlWUor-bNgsTyA5NSSCoLw,X-Session
UCPnJmfnsmCFp1iZsO8-aRzA,http://www.youtube.com/channel/UCPnJmfnsmCFp1iZsO8-aRzA,Vlad
UCPp4xNuOoQ7YGkUiN6YQRcw,http://www.youtube.com/channel/UCPp4xNuOoQ7YGkUiN6YQRcw,Mojiff
UCPvvFlWxaRxLQpsp70JxLKA,http://www.youtube.com/channel/UCPvvFlWxaRxLQpsp70JxLKA,Stanley Xavier
UCQ5qLyGX4x6CTTYX8Wg-aSQ,http://www.youtube.com/channel/UCQ5qLyGX4x6CTTYX8Wg-aSQ,azuL
UCQ9ookBcV_IXvCi2bgNzM4w,http://www.youtube.com/channel/UCQ9ookBcV_IXvCi2bgNzM4w,C4RT1
UCQG40havu4kNpB4pxUDQhYQ,http://www.youtube.com/channel/UCQG40havu4kNpB4pxUDQhYQ,Acerola
UCQHX6ViZmPsWiYSFAyS0a3Q,http://www.youtube.com/channel/UCQHX6ViZmPsWiYSFAyS0a3Q,GothamChess
UCQQ0ZUa_5O9iErvreFdWtaw,http://www.youtube.com/channel/UCQQ0ZUa_5O9iErvreFdWtaw,Graswald AI
UCQiE_u3kQHp2XFbuEpe0puA,http://www.youtube.com/channel/UCQiE_u3kQHp2XFbuEpe0puA,D2SIN
UCQpZBXbNP7hW6-GB4jJnk6w,http://www.youtube.com/channel/UCQpZBXbNP7hW6-GB4jJnk6w,Davinci Resolve Tamil
UCR6_w64mh6cWyM4ERGL-wNg,http://www.youtube.com/channel/UCR6_w64mh6cWyM4ERGL-wNg,Sensei Editz
UCRGb8yCnI5-upL3hT4oiOZw,http://www.youtube.com/channel/UCRGb8yCnI5-upL3hT4oiOZw,PixelArtistry
UCRR2sVr0UfOITaLuyEN46Uw,http://www.youtube.com/channel/UCRR2sVr0UfOITaLuyEN46Uw,Ds144K
UCRRI7n6pSMpSiIwA5lEb8Sg,http://www.youtube.com/channel/UCRRI7n6pSMpSiIwA5lEb8Sg,igarakii
UCRSx63y-VPidCrycgDS-o_Q,http://www.youtube.com/channel/UCRSx63y-VPidCrycgDS-o_Q,CGDive (Blender Rigging Tuts)
UCRW08KcTVjXEmBzBsVl7XjA,http://www.youtube.com/channel/UCRW08KcTVjXEmBzBsVl7XjA,Stefan 3D AI
UCRhG47BRQITTDRZ1yhIP6OQ,http://www.youtube.com/channel/UCRhG47BRQITTDRZ1yhIP6OQ,Elliot Fogarty
UCRqxWfOAclwh_ga4vMZQulg,http://www.youtube.com/channel/UCRqxWfOAclwh_ga4vMZQulg,Krocits
UCRxZEQHfk7E8iO7ApQPffnQ,http://www.youtube.com/channel/UCRxZEQHfk7E8iO7ApQPffnQ,Maxificated
UCRzl8-lHtBS0qmqtVIqa-1A,http://www.youtube.com/channel/UCRzl8-lHtBS0qmqtVIqa-1A,Doug Hogan
UCS-0lD6cOFYXWJgTeAbn6Jg,http://www.youtube.com/channel/UCS-0lD6cOFYXWJgTeAbn6Jg,IRONIC
UCS5-yEuqutcsW3ZPwxY38Yg,http://www.youtube.com/channel/UCS5-yEuqutcsW3ZPwxY38Yg,ewhnn
UCSBVbX4-kG7Qvd7kIL80v0g,http://www.youtube.com/channel/UCSBVbX4-kG7Qvd7kIL80v0g,GentIeman
UCSBmd1W_tfWjBRZ1ZHdJ5Ng,http://www.youtube.com/channel/UCSBmd1W_tfWjBRZ1ZHdJ5Ng,Jack Vaughan
UCSJ2epYmnRCdXWWg_xjpgfA,http://www.youtube.com/channel/UCSJ2epYmnRCdXWWg_xjpgfA,Momo PTFL
UCSL1ZhOyM_RP1rWtYNI76zQ,http://www.youtube.com/channel/UCSL1ZhOyM_RP1rWtYNI76zQ,GT Game Dev
UCSMOQeBJ2RAnuFungnQOxLg,http://www.youtube.com/channel/UCSMOQeBJ2RAnuFungnQOxLg,Blender
UCSWTiHu1VZ7hkZK5bUpKo0g,http://www.youtube.com/channel/UCSWTiHu1VZ7hkZK5bUpKo0g,K Motion Tutorials
UCS_834VH1-2QDLkSmqZRqug,http://www.youtube.com/channel/UCS_834VH1-2QDLkSmqZRqug,SuitedTies
UCSc0DZk98zrHK7fR6s6Vqzg,http://www.youtube.com/channel/UCSc0DZk98zrHK7fR6s6Vqzg,Deayan Studios
UCScpuAExh0dwzFnqIxf5NHQ,http://www.youtube.com/channel/UCScpuAExh0dwzFnqIxf5NHQ,Blackmagic Fusion Tutorials
UCSggky_jA5RfK4gR5RBwGyw,http://www.youtube.com/channel/UCSggky_jA5RfK4gR5RBwGyw,Jake In Motion
UCShz6OHVmrVndVl4BHbVxmA,http://www.youtube.com/channel/UCShz6OHVmrVndVl4BHbVxmA,That Indian Animator
UCSiann0UUE_IVtRk1DxhjiQ,http://www.youtube.com/channel/UCSiann0UUE_IVtRk1DxhjiQ,Reveace
UCSillZr7X-5u-j_-ps_ijqA,http://www.youtube.com/channel/UCSillZr7X-5u-j_-ps_ijqA,nang
UCSpFnDQr88xCZ80N-X7t0nQ,http://www.youtube.com/channel/UCSpFnDQr88xCZ80N-X7t0nQ,Corridor Crew
UCSygkJ5BXqFB5VVMv-m8vig,http://www.youtube.com/channel/UCSygkJ5BXqFB5VVMv-m8vig,Kirriko
UCT5DkQvNbAYpo9I0wq3jP2A,http://www.youtube.com/channel/UCT5DkQvNbAYpo9I0wq3jP2A,Creative Shrimp
UCTCeDas53OEcWcRujkQiwLg,http://www.youtube.com/channel/UCTCeDas53OEcWcRujkQiwLg,Stx Vfx
UCTYl7WLOxiSzmVkRWP3I66Q,http://www.youtube.com/channel/UCTYl7WLOxiSzmVkRWP3I66Q,CAMIXEL TECHNOLOGIES
UCTgDUFzONK1DTlNNWy1AIoQ,http://www.youtube.com/channel/UCTgDUFzONK1DTlNNWy1AIoQ,ZENSU
UCTiGpwwsd9_IeB1ilgViiKw,http://www.youtube.com/channel/UCTiGpwwsd9_IeB1ilgViiKw,Ꮪρexᥒ 
UCTlDcCgYuI40vhTV_AuBDPQ,http://www.youtube.com/channel/UCTlDcCgYuI40vhTV_AuBDPQ,Payynuz
UCTnKOmgcLw0VhP1VoCNH4DQ,http://www.youtube.com/channel/UCTnKOmgcLw0VhP1VoCNH4DQ,Chronixel
UCTpmmkp1E4nmZqWPS-dl5bg,http://www.youtube.com/channel/UCTpmmkp1E4nmZqWPS-dl5bg,Quanta Magazine
UCTv7W7wJvb3SgwZYDWIhrSg,http://www.youtube.com/channel/UCTv7W7wJvb3SgwZYDWIhrSg,Lighting Mentor
UCTzBGHpAcmLbC5GK4lxlruw,http://www.youtube.com/channel/UCTzBGHpAcmLbC5GK4lxlruw,VoiD
UCTzfW76DxjYP7C5IVc9tttw,http://www.youtube.com/channel/UCTzfW76DxjYP7C5IVc9tttw,Farsinae
UCU88AMwgEL9An2HpdAV8DTA,http://www.youtube.com/channel/UCU88AMwgEL9An2HpdAV8DTA,Max || Editor
UCULpy5KeeAbaZUHwD3cz3ZQ,http://www.youtube.com/channel/UCULpy5KeeAbaZUHwD3cz3ZQ,Rooghz AE
UCUOlscN3WyZDpOXWESgjhUw,http://www.youtube.com/channel/UCUOlscN3WyZDpOXWESgjhUw,MKHLミカ
UCUUL1ZvdCdMOnNmhm9LSJsQ,http://www.youtube.com/channel/UCUUL1ZvdCdMOnNmhm9LSJsQ,KAT [yt]
UCUZROQKH8W636R3nHwSIFdg,http://www.youtube.com/channel/UCUZROQKH8W636R3nHwSIFdg,Blubz 
UCUdjmwQLGvyN5LcgrmbuSBg,http://www.youtube.com/channel/UCUdjmwQLGvyN5LcgrmbuSBg,Martin Leon Lindstedt
UCUmd1iHHPmGO-CXVmwPuLyA,http://www.youtube.com/channel/UCUmd1iHHPmGO-CXVmwPuLyA,camwing
UCUn5JuT0zriA1nOJWoumSZw,http://www.youtube.com/channel/UCUn5JuT0zriA1nOJWoumSZw,Scene
UCUoaN2AP5ZumSFLRYboQi5A,http://www.youtube.com/channel/UCUoaN2AP5ZumSFLRYboQi5A,YVL
UCUqLcu_s_SCFeQhg27lqSdw,http://www.youtube.com/channel/UCUqLcu_s_SCFeQhg27lqSdw,Historical Finance
UCUtC6PRzZrfXAoSzHaLniQQ,http://www.youtube.com/channel/UCUtC6PRzZrfXAoSzHaLniQQ,Think Media Tamil
UCV7avEIyoINrTE4690yWMUQ,http://www.youtube.com/channel/UCV7avEIyoINrTE4690yWMUQ,VortexEdixx
UCV9pS2rJyqPvYbnUK8KD0TQ,http://www.youtube.com/channel/UCV9pS2rJyqPvYbnUK8KD0TQ,montori
UCVA3cYOgsTN4hs3v7pjne7w,http://www.youtube.com/channel/UCVA3cYOgsTN4hs3v7pjne7w,Gleb Alexandrov
UCVIwFpPYTX-FiK1sXtauTow,http://www.youtube.com/channel/UCVIwFpPYTX-FiK1sXtauTow,Mann AM
UCVZyOGXdjLE-q9BsPLuo-Qw,http://www.youtube.com/channel/UCVZyOGXdjLE-q9BsPLuo-Qw,Matchframe Editing school
UCVoyEdfjZYvDBVSMOVuUHxw,http://www.youtube.com/channel/UCVoyEdfjZYvDBVSMOVuUHxw,FREGUS
UCVpWir-J_rSEnDrviLb2OoQ,http://www.youtube.com/channel/UCVpWir-J_rSEnDrviLb2OoQ,B-Roll
UCW4B_hVh0_BpFBqDzTt-Ezw,http://www.youtube.com/channel/UCW4B_hVh0_BpFBqDzTt-Ezw,David H
UCWKzUHyu65Vz5DlIvh_y6OQ,http://www.youtube.com/channel/UCWKzUHyu65Vz5DlIvh_y6OQ,Infinity
UCWVGJxZqnDkY5AFQwW-SdkQ,http://www.youtube.com/channel/UCWVGJxZqnDkY5AFQwW-SdkQ,Nick
UCWWybvw9jnpOdJq_6wTHryA,http://www.youtube.com/channel/UCWWybvw9jnpOdJq_6wTHryA,CG Boost
UCWj6IRPY9dcZ813BqJO5Mfg,http://www.youtube.com/channel/UCWj6IRPY9dcZ813BqJO5Mfg,Cris Apolinario Demigillo
UCWndIwXrmg72Vk5iSOjkzrQ,http://www.youtube.com/channel/UCWndIwXrmg72Vk5iSOjkzrQ,Zertox
UCX046RevUyJ47XACniyThlA,http://www.youtube.com/channel/UCX046RevUyJ47XACniyThlA,Nils Gallist
UCX6OQ3DkcsbYNE6H8uQQuVA,http://www.youtube.com/channel/UCX6OQ3DkcsbYNE6H8uQQuVA,MrBeast
UCX7BPUHBjlAxSO2GElr3DDA,http://www.youtube.com/channel/UCX7BPUHBjlAxSO2GElr3DDA,NoCopyrightSounds Tamil
UCXFYBuBSSG0i-CFXJRttGyg,http://www.youtube.com/channel/UCXFYBuBSSG0i-CFXJRttGyg,sebasvfx
UCXRX_jFfqRQb-1VcqkQhRhw,http://www.youtube.com/channel/UCXRX_jFfqRQb-1VcqkQhRhw,Valorant Mobile 
UCX_rC_nZ1rh1IascGuOUhlA,http://www.youtube.com/channel/UCX_rC_nZ1rh1IascGuOUhlA,MontagEdits
UCXonZa8lISfhWq9ZYPNDFhA,http://www.youtube.com/channel/UCXonZa8lISfhWq9ZYPNDFhA,FERDI
UCXq_anWmulLv-B-36B3Tzkg,http://www.youtube.com/channel/UCXq_anWmulLv-B-36B3Tzkg,Kaixhin
UCXxNxWXAd0m0B6oIGTtxlNQ,http://www.youtube.com/channel/UCXxNxWXAd0m0B6oIGTtxlNQ,T3C™
UCXxtsisIDLiiL6YZFrORkUg,http://www.youtube.com/channel/UCXxtsisIDLiiL6YZFrORkUg,Pierrick Picaut
UCXynRR5qfZf-ngfqVpLMz-w,http://www.youtube.com/channel/UCXynRR5qfZf-ngfqVpLMz-w,Friction
UCY6VZZo9MZCyIIozTs0khNA,http://www.youtube.com/channel/UCY6VZZo9MZCyIIozTs0khNA,"easy, actually"
UCYBGuI6-V6py9oTCAAmaYhw,http://www.youtube.com/channel/UCYBGuI6-V6py9oTCAAmaYhw,Meta Monkeys
UCYCmeFIwY3dPyVQmi0iD-qA,http://www.youtube.com/channel/UCYCmeFIwY3dPyVQmi0iD-qA,Nathan Carter
UCYO_jab_esuFRV4b17AJtAw,http://www.youtube.com/channel/UCYO_jab_esuFRV4b17AJtAw,3Blue1Brown
UCYWAUML8ODL16egTFW1a60g,http://www.youtube.com/channel/UCYWAUML8ODL16egTFW1a60g,Josh Bobay
UCYZhra_SPBAt3gYG3iHExqA,http://www.youtube.com/channel/UCYZhra_SPBAt3gYG3iHExqA,n6spher9
UCYZjlxANTfoTkK3gr6c3SOw,http://www.youtube.com/channel/UCYZjlxANTfoTkK3gr6c3SOw,ProjectMaria
UCYbK_tjZ2OrIZFBvU6CCMiA,http://www.youtube.com/channel/UCYbK_tjZ2OrIZFBvU6CCMiA,Brackeys
UCYir_LfPTo2u5DI5pPZB7dg,http://www.youtube.com/channel/UCYir_LfPTo2u5DI5pPZB7dg,Thaslim Talks 👾
UCYmAr0NC87sweTlGw_jvKXA,http://www.youtube.com/channel/UCYmAr0NC87sweTlGw_jvKXA,WippTemplates
UCYqxyq8mWK5lxRHqH13WzhA,http://www.youtube.com/channel/UCYqxyq8mWK5lxRHqH13WzhA,Thiago Klafke
UCYu16MwzWmDpneD5G59248A,http://www.youtube.com/channel/UCYu16MwzWmDpneD5G59248A,s h a d o w
UCYwZCOq83lSY7ANjE2KTeuw,http://www.youtube.com/channel/UCYwZCOq83lSY7ANjE2KTeuw,PJUNKIE集
UCYxT0o9NeD6pCG-AMZ_ueTA,http://www.youtube.com/channel/UCYxT0o9NeD6pCG-AMZ_ueTA,CTRL_FX
UCZ5PRnQmjdbb8oV1aVuPa8g,http://www.youtube.com/channel/UCZ5PRnQmjdbb8oV1aVuPa8g,moinul.
UCZFWPqqPkFlNwIxcpsLOwew,http://www.youtube.com/channel/UCZFWPqqPkFlNwIxcpsLOwew,Harry Styles
UCZJWCIMkEUaR1OjQvnqq60Q,http://www.youtube.com/channel/UCZJWCIMkEUaR1OjQvnqq60Q,Cartesian Caramel
UCZNlkbmahKc3ROOYc-3Bz6A,http://www.youtube.com/channel/UCZNlkbmahKc3ROOYc-3Bz6A,Trush Shashank
UCZQKiSKpzY7nMuvcFHhN9vg,http://www.youtube.com/channel/UCZQKiSKpzY7nMuvcFHhN9vg,Mitchell Mullins
UCZVTDlYV9Gzpzx7yh4imkBA,http://www.youtube.com/channel/UCZVTDlYV9Gzpzx7yh4imkBA,Marieta Farfarova
UCZXW8E1__d5tZb-wLFOt8TQ,http://www.youtube.com/channel/UCZXW8E1__d5tZb-wLFOt8TQ,Bog
UCZc1_-UB0IVknuIoge78CSw,http://www.youtube.com/channel/UCZc1_-UB0IVknuIoge78CSw,KING_.
UCZe53obVvFsZofzDC01ZYdA,http://www.youtube.com/channel/UCZe53obVvFsZofzDC01ZYdA,Farazulous
UCZtUUSXgoWy6_c_e1CoWH5w,http://www.youtube.com/channel/UCZtUUSXgoWy6_c_e1CoWH5w,Aram Kay
UCZzGngLl9T698PPXUREKJbA,http://www.youtube.com/channel/UCZzGngLl9T698PPXUREKJbA,Robin Squares
UCZzvDDvaYti8Dd8bLEiSoyQ,http://www.youtube.com/channel/UCZzvDDvaYti8Dd8bLEiSoyQ,Beast Animations
UC_4HXushRwS_9b1JdRFYVgw,http://www.youtube.com/channel/UC_4HXushRwS_9b1JdRFYVgw,MiesnerMedia
UC_62yC0A7f1LnH4R8cEa8Lw,http://www.youtube.com/channel/UC_62yC0A7f1LnH4R8cEa8Lw,ironic
UC_BfNXro27qJmlKbuSxVE0w,http://www.youtube.com/channel/UC_BfNXro27qJmlKbuSxVE0w,MrSnite Tamil
UC_FRDmZv9HUB26sbgc64V5w,http://www.youtube.com/channel/UC_FRDmZv9HUB26sbgc64V5w,Diamond king channel
UC_HZY9d5wJ-MEiuq6vhx8hg,http://www.youtube.com/channel/UC_HZY9d5wJ-MEiuq6vhx8hg,JK
UC_OnaF0lKfexzEL9Yminymw,http://www.youtube.com/channel/UC_OnaF0lKfexzEL9Yminymw,Asher Roland
UC_PL1GEplpk7x9XE4A2Lvtw,http://www.youtube.com/channel/UC_PL1GEplpk7x9XE4A2Lvtw,Nick Ritter
UC_bgvF3v_6FlUyXSx7BAmrA,http://www.youtube.com/channel/UC_bgvF3v_6FlUyXSx7BAmrA,Pwfish鱼
UC_oiDtNPvT2OqMT2xERv74Q,http://www.youtube.com/channel/UC_oiDtNPvT2OqMT2xERv74Q,Mamun Islam
UC_qfkbjO-TB4Im-RZ1RmTsg,http://www.youtube.com/channel/UC_qfkbjO-TB4Im-RZ1RmTsg,azreal
UC_tRVWXiSmP5p_7rzlsKUpg,http://www.youtube.com/channel/UC_tRVWXiSmP5p_7rzlsKUpg,Jeremias
UCaFBtetU2RHxwnDRDsNHejA,http://www.youtube.com/channel/UCaFBtetU2RHxwnDRDsNHejA,RishiPedia
UCaHT4XY2837I4hZ3RRPN6dA,http://www.youtube.com/channel/UCaHT4XY2837I4hZ3RRPN6dA,Loner Edits
UCaQzz5lJ8KV5CLCyiCSyHpA,http://www.youtube.com/channel/UCaQzz5lJ8KV5CLCyiCSyHpA,Pro Editors Club
UCaS5ujnmz0Loexr7NFTEMTA,http://www.youtube.com/channel/UCaS5ujnmz0Loexr7NFTEMTA,Learn Many with Sathak
UCahafb2uG6IIrdNca60Z4fg,http://www.youtube.com/channel/UCahafb2uG6IIrdNca60Z4fg,Kevin Fischer
UCatdmF1tTeA4qFwGA1Y-now,http://www.youtube.com/channel/UCatdmF1tTeA4qFwGA1Y-now,Xayden
UCb88KyCxId6X8KdYBOIGZqw,http://www.youtube.com/channel/UCb88KyCxId6X8KdYBOIGZqw,LAXSIS私
UCbQjAC_w62dW9GiqBzBP6kA,http://www.youtube.com/channel/UCbQjAC_w62dW9GiqBzBP6kA,Nomad R Productions
UCbd_g5uTzR4ZRTN8vEQC_qg,http://www.youtube.com/channel/UCbd_g5uTzR4ZRTN8vEQC_qg,Haku
UCbfYPyITQ-7l4upoX8nvctg,http://www.youtube.com/channel/UCbfYPyITQ-7l4upoX8nvctg,Two Minute Papers
UCbhnkVaq-fiATPDEcNHq7yA,http://www.youtube.com/channel/UCbhnkVaq-fiATPDEcNHq7yA,tobi_efx
UCbmxZRQk-X0p-TOxd6PEYJA,http://www.youtube.com/channel/UCbmxZRQk-X0p-TOxd6PEYJA,IanHubert
UCbq544I2cTyvcrZwmnSIj9Q,http://www.youtube.com/channel/UCbq544I2cTyvcrZwmnSIj9Q,Plip Plip
UCc-pkQRI22rZ5sl-N678JCA,http://www.youtube.com/channel/UCc-pkQRI22rZ5sl-N678JCA,Frenzy.
UCc0pxzyXJSqa_O28geZ_xiw,http://www.youtube.com/channel/UCc0pxzyXJSqa_O28geZ_xiw,Hid🍬
UCc40B9skRUWbFo6aA38ew1w,http://www.youtube.com/channel/UCc40B9skRUWbFo6aA38ew1w,PaoloMark
UCcJJ7ZASqPjsYzadu0DNDyQ,http://www.youtube.com/channel/UCcJJ7ZASqPjsYzadu0DNDyQ,Prompting Pixels
UCcicDrld7rxfYWX-elQkAmw,http://www.youtube.com/channel/UCcicDrld7rxfYWX-elQkAmw,Extra 3d
UCd34Z6h4_rD5esqelQvxV5w,http://www.youtube.com/channel/UCd34Z6h4_rD5esqelQvxV5w,CryphtixVFX
UCdAStgDCiPJR9NXu27wjDuA,http://www.youtube.com/channel/UCdAStgDCiPJR9NXu27wjDuA,CLAPBOARD . XE
UCdEz1N-xB-mYNpeU5ZKbGLw,http://www.youtube.com/channel/UCdEz1N-xB-mYNpeU5ZKbGLw,Dikko
UCdGtSP87CJdVXyNPCNfUKnw,http://www.youtube.com/channel/UCdGtSP87CJdVXyNPCNfUKnw,ZΞИИY
UCdIiA7TKtAx8d9yIRrhMQDQ,http://www.youtube.com/channel/UCdIiA7TKtAx8d9yIRrhMQDQ,Risu
UCdQSy1QGdHX8pn9C2eTcu7A,http://www.youtube.com/channel/UCdQSy1QGdHX8pn9C2eTcu7A,orbinary
UCdeBYOTFh-x435aJLE-r_ng,http://www.youtube.com/channel/UCdeBYOTFh-x435aJLE-r_ng,sarrutoae
UCdfznh09O3LgXHiLNN99CJw,http://www.youtube.com/channel/UCdfznh09O3LgXHiLNN99CJw,Zoro Tamil
UCdp4_l1vPmpN-gDbUwhaRUQ,http://www.youtube.com/channel/UCdp4_l1vPmpN-gDbUwhaRUQ,Branch Education
UCdpWKLNfbROyoGPV46-zaUQ,http://www.youtube.com/channel/UCdpWKLNfbROyoGPV46-zaUQ,Default Cube
UCe1suQp_XqxLT8xSziO-jhw,http://www.youtube.com/channel/UCe1suQp_XqxLT8xSziO-jhw,Admin Hybrid🐱
UCeBH-cyx95HM6pUJs6Ivfcg,http://www.youtube.com/channel/UCeBH-cyx95HM6pUJs6Ivfcg,CompositingMentor
UCeEP3PswXBGmGdd4J4LEd3w,http://www.youtube.com/channel/UCeEP3PswXBGmGdd4J4LEd3w,Shouri Azamy
UCeHjulAlvoJPZWykzuVMnTA,http://www.youtube.com/channel/UCeHjulAlvoJPZWykzuVMnTA,Alex Amor
UCeOn5EdFGINfyKZH8OqCEeA,http://www.youtube.com/channel/UCeOn5EdFGINfyKZH8OqCEeA,zitd
UCeScjQ9cFaWkX_IW7Ly8uAw,http://www.youtube.com/channel/UCeScjQ9cFaWkX_IW7Ly8uAw,M1zuto_
UCeZh__SMWO0jNvf6ZwQY24Q,http://www.youtube.com/channel/UCeZh__SMWO0jNvf6ZwQY24Q,Resolve Tutorials
UCej5qxqPTP8hYpbnCqgQ3DQ,http://www.youtube.com/channel/UCej5qxqPTP8hYpbnCqgQ3DQ,georg240p
UCex3jHMPdrMDkhXCf1Bqmqg,http://www.youtube.com/channel/UCex3jHMPdrMDkhXCf1Bqmqg,ISAGI NTD神
UCf3f-0zidS3ZzawkzsPE8Xg,http://www.youtube.com/channel/UCf3f-0zidS3ZzawkzsPE8Xg,Rebelway
UCf7r-RxL6Jfe2kWO-1PFssw,http://www.youtube.com/channel/UCf7r-RxL6Jfe2kWO-1PFssw,Visual Factory Tamil
UCf84UawCYUM321UphtsS78g,http://www.youtube.com/channel/UCf84UawCYUM321UphtsS78g,fytarix
UCfQk5qGOEO5cPPDFlQe2lFQ,http://www.youtube.com/channel/UCfQk5qGOEO5cPPDFlQe2lFQ,Your Average Tech Bro
UCfU1La5qKxEz-EOjzQ_g37Q,http://www.youtube.com/channel/UCfU1La5qKxEz-EOjzQ_g37Q,Bootdrive
UCf_XYgupvdx7rA44Ap3uI5w,http://www.youtube.com/channel/UCf_XYgupvdx7rA44Ap3uI5w,Full Disclosure
UCffJ1FVezQOjDWSlJSLZRUw,http://www.youtube.com/channel/UCffJ1FVezQOjDWSlJSLZRUw,Jalex Rosa
UCflkKrWXg5F-BR5omd4qr2g,http://www.youtube.com/channel/UCflkKrWXg5F-BR5omd4qr2g,Replay Value
UCfrFmin0H2oL8JpuWq9xcUg,http://www.youtube.com/channel/UCfrFmin0H2oL8JpuWq9xcUg,Team Miracles
UCg4HySp-TOb6MnKALyMjnvg,http://www.youtube.com/channel/UCg4HySp-TOb6MnKALyMjnvg,ilyx
UCgT9frC3SAdk-sxEN1_8rZg,http://www.youtube.com/channel/UCgT9frC3SAdk-sxEN1_8rZg,Envato Video
UCgUFPh9hZMMdEPO9F1Hqdsg,http://www.youtube.com/channel/UCgUFPh9hZMMdEPO9F1Hqdsg,Michael V cutz
UCgUXNKRLilvorphztVi2DvA,http://www.youtube.com/channel/UCgUXNKRLilvorphztVi2DvA,Martin Klekner
UCgfe2ooZD3VJPB6aJAnuQng,http://www.youtube.com/channel/UCgfe2ooZD3VJPB6aJAnuQng,bycloud
UCglsVKzNW8RumVDK5eMdKWQ,http://www.youtube.com/channel/UCglsVKzNW8RumVDK5eMdKWQ,Resolve In Post
UCgqt1RE0k0MIr0LoyJRy2lg,http://www.youtube.com/channel/UCgqt1RE0k0MIr0LoyJRy2lg,Rational Animations
UChAHzMFyEYum1RhfGJ6jRxg,http://www.youtube.com/channel/UChAHzMFyEYum1RhfGJ6jRxg,Pictures and Graphs
UChAWG_pyNhh4addNyJSM4Yg,http://www.youtube.com/channel/UChAWG_pyNhh4addNyJSM4Yg,Skrat
UChet54FAIxNlkJnsn4ICWtw,http://www.youtube.com/channel/UChet54FAIxNlkJnsn4ICWtw,Fusion By Deepti 
UChjudBmVQBJTRUtf9N0Sz1g,http://www.youtube.com/channel/UChjudBmVQBJTRUtf9N0Sz1g,Alex on Story
UChuFDFVoKbimBMZv4Fedt9Q,http://www.youtube.com/channel/UChuFDFVoKbimBMZv4Fedt9Q,Dubufy
UChvCSY-qtVpM332hXNZYSkw,http://www.youtube.com/channel/UChvCSY-qtVpM332hXNZYSkw,Volta_PF
UCi6Bfm0OgJU6zXVYg_XBgtw,http://www.youtube.com/channel/UCi6Bfm0OgJU6zXVYg_XBgtw,Max Hay
UCi9XNtSMkIgbsdqfAV7IRTQ,http://www.youtube.com/channel/UCi9XNtSMkIgbsdqfAV7IRTQ,Furuta
UCiJj88ZcMFwUa3uUsaBobMg,http://www.youtube.com/channel/UCiJj88ZcMFwUa3uUsaBobMg,Data Leveling
UCiNBul7tUB-AvgBhzwLP9yg,http://www.youtube.com/channel/UCiNBul7tUB-AvgBhzwLP9yg,AS3SHツ
UCiNaqftJs-R34COy8p-4kyA,http://www.youtube.com/channel/UCiNaqftJs-R34COy8p-4kyA,kazneth
UCiT2q9s1ebN_ahXTG0n5s6Q,http://www.youtube.com/channel/UCiT2q9s1ebN_ahXTG0n5s6Q,GOJO神
UCiT7pZ_Ee2rkQcHLVCr3KoA,http://www.youtube.com/channel/UCiT7pZ_Ee2rkQcHLVCr3KoA,VideoTonic
UCiTyAkhcQE6k0lxPtOWkONg,http://www.youtube.com/channel/UCiTyAkhcQE6k0lxPtOWkONg,Toxic Kiraキラ
UCiZLEL7lLxpYPlyC2_QGA0w,http://www.youtube.com/channel/UCiZLEL7lLxpYPlyC2_QGA0w,Saint Lakmia
UCigVQX1TwCiovec8aS9HCGg,http://www.youtube.com/channel/UCigVQX1TwCiovec8aS9HCGg,KAXSカ
UCimg1qddJUhC7TqQe7KlIQA,http://www.youtube.com/channel/UCimg1qddJUhC7TqQe7KlIQA,Kyle Daily
UCit5IaeqAWvy51QSbJHHlww,http://www.youtube.com/channel/UCit5IaeqAWvy51QSbJHHlww,Tangenten
UCj-LSDvDGF8Ddn6wvLUvazg,http://www.youtube.com/channel/UCj-LSDvDGF8Ddn6wvLUvazg,Qiu Lingteng
UCjGYZCgc1eAU4R6-svMxOyw,http://www.youtube.com/channel/UCjGYZCgc1eAU4R6-svMxOyw,Lazzy Editor 
UCjJk212xU15y_NPYKuCsKQA,http://www.youtube.com/channel/UCjJk212xU15y_NPYKuCsKQA,Ben Marriott
UCjKEdTmERzBdfGqLWGbC9oQ,http://www.youtube.com/channel/UCjKEdTmERzBdfGqLWGbC9oQ,Nerdy
UCjUGETD5grxUwwd5i7gEZjw,http://www.youtube.com/channel/UCjUGETD5grxUwwd5i7gEZjw,JTP FX
UCjWhpxUc0R1yQTK360nZNqw,http://www.youtube.com/channel/UCjWhpxUc0R1yQTK360nZNqw,Sajid
UCjdAoEGT4xsZwgljIndl-Ww,http://www.youtube.com/channel/UCjdAoEGT4xsZwgljIndl-Ww,Mattan | Video Editing
UCjwTasXewi5CRFi564vrf0g,http://www.youtube.com/channel/UCjwTasXewi5CRFi564vrf0g,Its Rascal
UCk3-pfOaZETfOQcG-bzsiUg,http://www.youtube.com/channel/UCk3-pfOaZETfOQcG-bzsiUg,VisualX7
UCk7IufzS4r8v76NeWR6A3dg,http://www.youtube.com/channel/UCk7IufzS4r8v76NeWR6A3dg,Derek Elliott
UCk8nStlJGMoefc4m-HbjYQA,http://www.youtube.com/channel/UCk8nStlJGMoefc4m-HbjYQA,Zpy.7
UCkBsx6w25diPVn5CLlrpH2A,http://www.youtube.com/channel/UCkBsx6w25diPVn5CLlrpH2A,Vaze9h
UCkD3G74dFGo8ClH0opxrUiw,http://www.youtube.com/channel/UCkD3G74dFGo8ClH0opxrUiw,hashigoji
UCkIccKaHDGA8lYVmUerLhag,http://www.youtube.com/channel/UCkIccKaHDGA8lYVmUerLhag,Krita
UCkL_KReMi40wcPeTMXGSeAw,http://www.youtube.com/channel/UCkL_KReMi40wcPeTMXGSeAw,Blaine Westropp
UCkMnDDRy3TjuEPo2hitP4kg,http://www.youtube.com/channel/UCkMnDDRy3TjuEPo2hitP4kg,Gavin Herman
UCkN0xgc8cN7Lp8dDbumC60w,http://www.youtube.com/channel/UCkN0xgc8cN7Lp8dDbumC60w,Clipizo Studio
UCkRfArvrzheW2E7b6SVT7vQ,http://www.youtube.com/channel/UCkRfArvrzheW2E7b6SVT7vQ,YouTube Creators
UCkZbgNx74hMREhH3WdJVUFg,http://www.youtube.com/channel/UCkZbgNx74hMREhH3WdJVUFg,y6richo
UCkoP43KQD8kfPQpzAalib9Q,http://www.youtube.com/channel/UCkoP43KQD8kfPQpzAalib9Q,R1zenGod神
UCkpFfhApVuu7ppByaxDLotA,http://www.youtube.com/channel/UCkpFfhApVuu7ppByaxDLotA,Xclbr Xtra
UCktyB4N4KRnp_uimf_b423g,http://www.youtube.com/channel/UCktyB4N4KRnp_uimf_b423g,Spectral Void
UClDj0YOjj-vinsZZN7EGT1w,http://www.youtube.com/channel/UClDj0YOjj-vinsZZN7EGT1w,Musa
UClGoMqvLA4YULI84uPZc9CQ,http://www.youtube.com/channel/UClGoMqvLA4YULI84uPZc9CQ,AKUN弟
UClGusWjy61b01_yJrLwkAYQ,http://www.youtube.com/channel/UClGusWjy61b01_yJrLwkAYQ,SAM
UClX5lGGHeZ7OILb1ozSNtOg,http://www.youtube.com/channel/UClX5lGGHeZ7OILb1ozSNtOg,Brad's Art School
UClZyfSx3I2K8biZIF-G_rLg,http://www.youtube.com/channel/UClZyfSx3I2K8biZIF-G_rLg,Tina Nawrocki
UClbWEQOP8jwcvAw6tYnGX0A,http://www.youtube.com/channel/UClbWEQOP8jwcvAw6tYnGX0A,Take Okay
UClj2piPIIV7vODOph_z6OBQ,http://www.youtube.com/channel/UClj2piPIIV7vODOph_z6OBQ,Simply Y
UClq3NACBINjxTP0Hz8BC7jg,http://www.youtube.com/channel/UClq3NACBINjxTP0Hz8BC7jg,The VFX Process
UCm-S7cenOOFKvcTUwD2xrVw,http://www.youtube.com/channel/UCm-S7cenOOFKvcTUwD2xrVw,Jamie Fenn
UCm7wWiKfmjZ0L5LEbz4pUfA,http://www.youtube.com/channel/UCm7wWiKfmjZ0L5LEbz4pUfA,NukePC
UCmNWcUdAw5Bd8dySuNCwDDQ,http://www.youtube.com/channel/UCmNWcUdAw5Bd8dySuNCwDDQ,Julian Hönger
UCmPtRUBaRlJLviYnZPinkOA,http://www.youtube.com/channel/UCmPtRUBaRlJLviYnZPinkOA,Frames Told
UCmaB8bSMUo7jov75bW0iCiQ,http://www.youtube.com/channel/UCmaB8bSMUo7jov75bW0iCiQ,Rdeepx 25
UCmbF1cyNa6y7uNYiqYmSVJw,http://www.youtube.com/channel/UCmbF1cyNa6y7uNYiqYmSVJw,LITTLE BIT BETTER
UCmrTplIeQbxS4PNCw3rgVvQ,http://www.youtube.com/channel/UCmrTplIeQbxS4PNCw3rgVvQ,J1NX 
UCmrsodcsfoZyFwW_f-ZtvfQ,http://www.youtube.com/channel/UCmrsodcsfoZyFwW_f-ZtvfQ,manichow
UCmvku76Pj252P0emr92oN3g,http://www.youtube.com/channel/UCmvku76Pj252P0emr92oN3g,EDrie
UCn-iFSJo-vXF4S47mknCLgg,http://www.youtube.com/channel/UCn-iFSJo-vXF4S47mknCLgg,Rajan Hunt
UCn7dy2PWVRU9AO4YV2EyEsA,http://www.youtube.com/channel/UCn7dy2PWVRU9AO4YV2EyEsA,Y0tam
UCnEuj2koJKh1zLyHQnuQo8w,http://www.youtube.com/channel/UCnEuj2koJKh1zLyHQnuQo8w,aMH Template
UCnm7Qz4MvGWbvCjwaZEmNzw,http://www.youtube.com/channel/UCnm7Qz4MvGWbvCjwaZEmNzw,Bleade 香敦
UCnnMYg14PW64APNwFpjPQOQ,http://www.youtube.com/channel/UCnnMYg14PW64APNwFpjPQOQ,RIk
UCnrai2Vmxol1taxcPIAA0ZA,http://www.youtube.com/channel/UCnrai2Vmxol1taxcPIAA0ZA,Xezem
UCo2e8HJplF8eDiaKPVj4L8w,http://www.youtube.com/channel/UCo2e8HJplF8eDiaKPVj4L8w,geno
UCo594vrgic2rYAxyCBLnQYw,http://www.youtube.com/channel/UCo594vrgic2rYAxyCBLnQYw,XYREN影
UCoDQg7rCUsGhKrr27ViIA2A,http://www.youtube.com/channel/UCoDQg7rCUsGhKrr27ViIA2A,Sinu 
UCoKEKz4k8VhrLngDa95gJ8g,http://www.youtube.com/channel/UCoKEKz4k8VhrLngDa95gJ8g,Khary Ashmore
UCoNWzRmob7XEPRHTzsAmjsg,http://www.youtube.com/channel/UCoNWzRmob7XEPRHTzsAmjsg,Analator
UCoOLHZhO1AePiHDNe_TtVZQ,http://www.youtube.com/channel/UCoOLHZhO1AePiHDNe_TtVZQ,Xenova
UCoUXxtd712vGe5p5lBk_eMg,http://www.youtube.com/channel/UCoUXxtd712vGe5p5lBk_eMg,In59seconds
UCoeJKtPJLoIBqWq4o8TDLpA,http://www.youtube.com/channel/UCoeJKtPJLoIBqWq4o8TDLpA,Satori Graphics
UCofhn9CP5ItrijN2DVTfOLQ,http://www.youtube.com/channel/UCofhn9CP5ItrijN2DVTfOLQ,ashsenpai
UCogO2HSp2hSqhjN200lKN6g,http://www.youtube.com/channel/UCogO2HSp2hSqhjN200lKN6g,motioncollabs
UCoipdCm8inkwc_JzfYx1qSQ,http://www.youtube.com/channel/UCoipdCm8inkwc_JzfYx1qSQ,Janz - MV
UCosoZ1gg8hRtQ6hEEY_us9w,http://www.youtube.com/channel/UCosoZ1gg8hRtQ6hEEY_us9w,Zendicay
UCovK-XTGW0cxc0p0VirkOWg,http://www.youtube.com/channel/UCovK-XTGW0cxc0p0VirkOWg,ArtOfficial Labs
UCpIM7VgRh5-njU7kPD8jbFA,http://www.youtube.com/channel/UCpIM7VgRh5-njU7kPD8jbFA,DannyEdits
UCpPOf9BQPwa4K11Zjxu1ZPw,http://www.youtube.com/channel/UCpPOf9BQPwa4K11Zjxu1ZPw,Jump Cuts
UCp_wQWXFZGBBdYPpabAFJVQ,http://www.youtube.com/channel/UCp_wQWXFZGBBdYPpabAFJVQ,sh4rk
UCpjFz3EP5lv9MiN3DZzmNFg,http://www.youtube.com/channel/UCpjFz3EP5lv9MiN3DZzmNFg,Concept Central
UCpsN2TfWGmun4peN2IPgcKg,http://www.youtube.com/channel/UCpsN2TfWGmun4peN2IPgcKg,reubs
UCptYu_p1HFAksB4sG-RvLug,http://www.youtube.com/channel/UCptYu_p1HFAksB4sG-RvLug,frooky
UCq2ESmvL7ycKwlS35FPDyPQ,http://www.youtube.com/channel/UCq2ESmvL7ycKwlS35FPDyPQ,rwtbr
UCq6SWW0P3RH-hxUYNVchrEQ,http://www.youtube.com/channel/UCq6SWW0P3RH-hxUYNVchrEQ,MIRXGE
UCq79-lfj2w7oRXGRcOP2B7g,http://www.youtube.com/channel/UCq79-lfj2w7oRXGRcOP2B7g,Davies Media Design
UCqM-RLkwAtT9pIU3-1zWdUw,http://www.youtube.com/channel/UCqM-RLkwAtT9pIU3-1zWdUw,Anand
UCq_j2sDr432R4cajEjA6jfg,http://www.youtube.com/channel/UCq_j2sDr432R4cajEjA6jfg,Fract iX💺
UCqausxjCnGsTl0rQgM7HZWQ,http://www.youtube.com/channel/UCqausxjCnGsTl0rQgM7HZWQ,"Designer, In Japan"
UCqbRonBXVW7MLq4W9HESJug,http://www.youtube.com/channel/UCqbRonBXVW7MLq4W9HESJug,EREHX神
UCqdEvPxIXLZE1uGhE8ZuSMw,http://www.youtube.com/channel/UCqdEvPxIXLZE1uGhE8ZuSMw,BR Media Pro
UCqoc1p9ov0CwzvKObvrKxMA,http://www.youtube.com/channel/UCqoc1p9ov0CwzvKObvrKxMA,CynicatPro
UCqw_XluFa5IUWPl8fy3JH3Q,http://www.youtube.com/channel/UCqw_XluFa5IUWPl8fy3JH3Q,Smeaf
UCqygDczqPpXGYqHXtcsmyFg,http://www.youtube.com/channel/UCqygDczqPpXGYqHXtcsmyFg,ActionVFX
UCr3WkgYcbwe0ms-Ue41ZBlQ,http://www.youtube.com/channel/UCr3WkgYcbwe0ms-Ue41ZBlQ,Late Node with yano
UCr92FqDXnYeDRuBwL_2YLKw,http://www.youtube.com/channel/UCr92FqDXnYeDRuBwL_2YLKw,Mograph
UCrEydAOQUSi9JMa8Lpwridg,http://www.youtube.com/channel/UCrEydAOQUSi9JMa8Lpwridg,Jacob Nordin
UCrQi9j0hCsJ6toJ0x7Qyubw,http://www.youtube.com/channel/UCrQi9j0hCsJ6toJ0x7Qyubw,Onyx Studio®
UCrTufzp1J315kdnf_nzy6iQ,http://www.youtube.com/channel/UCrTufzp1J315kdnf_nzy6iQ,Wampus
UCrjpm7JgRb4M4MnrF8vl3HA,http://www.youtube.com/channel/UCrjpm7JgRb4M4MnrF8vl3HA,SVGX AMV's 獣
UCrniIDh2RCa_Sgp-eJAYgyQ,http://www.youtube.com/channel/UCrniIDh2RCa_Sgp-eJAYgyQ,S T R O M
UCs3XtW6Zf8_oopWnFHzJu3Q,http://www.youtube.com/channel/UCs3XtW6Zf8_oopWnFHzJu3Q,enderprism
UCs3nG1tF3WRJEkoPVL7RNDg,http://www.youtube.com/channel/UCs3nG1tF3WRJEkoPVL7RNDg,CreativeCrowd
UCsBjURrPoezykLs9EqgamOA,http://www.youtube.com/channel/UCsBjURrPoezykLs9EqgamOA,Fireship
UCsCnD4lVDN7mYNAWmjQchwQ,http://www.youtube.com/channel/UCsCnD4lVDN7mYNAWmjQchwQ,Vertex Arcade
UCsQoiOrh7jzKmE8NBofhTnQ,http://www.youtube.com/channel/UCsQoiOrh7jzKmE8NBofhTnQ,Varun Mayya
UCseUrCLeTnMYK42PDmorwzw,http://www.youtube.com/channel/UCseUrCLeTnMYK42PDmorwzw,4mexy
UCsgs4HuwFvFGPSHxDp4KbeA,http://www.youtube.com/channel/UCsgs4HuwFvFGPSHxDp4KbeA,RADIUM
UCsxRTBdzdEK9Zlo49wJMCyw,http://www.youtube.com/channel/UCsxRTBdzdEK9Zlo49wJMCyw,Surreal
UCt-v2E3qq7p4q3RuKAW4rQg,http://www.youtube.com/channel/UCt-v2E3qq7p4q3RuKAW4rQg,LTX
UCt1HhfC1ZfnKCC55Dssj4XA,http://www.youtube.com/channel/UCt1HhfC1ZfnKCC55Dssj4XA,𝙏𝙮𝙨𝙤𝙣ツ
UCt2fRDyeGLKwFDBfiksB5zw,http://www.youtube.com/channel/UCt2fRDyeGLKwFDBfiksB5zw,Artist 24x7
UCt2gHpIVB82rDQJuLtWfk9g,http://www.youtube.com/channel/UCt2gHpIVB82rDQJuLtWfk9g,Anirban
UCtMj6OQY8-_iIogVmO_IyuQ,http://www.youtube.com/channel/UCtMj6OQY8-_iIogVmO_IyuQ,DAWIET
UCtQiXAWyLKt-xgW6qZGnFlQ,http://www.youtube.com/channel/UCtQiXAWyLKt-xgW6qZGnFlQ,Artificial Vibes
UCtVWIwZ0HPGsRx7J1w5n_Lg,http://www.youtube.com/channel/UCtVWIwZ0HPGsRx7J1w5n_Lg,imduong2k6
UCta-MUpwNzT4-dLkx9soO9w,http://www.youtube.com/channel/UCta-MUpwNzT4-dLkx9soO9w,Swagxthetics
UCtakJdOCfT3miB4FaWzlYxw,http://www.youtube.com/channel/UCtakJdOCfT3miB4FaWzlYxw,Cezar Farias 
UCtmEkLhTaqoc7g_D8P2F-Jw,http://www.youtube.com/channel/UCtmEkLhTaqoc7g_D8P2F-Jw,Kesav Eranveer
UCtokepFs6ghsqXVupzyLbew,http://www.youtube.com/channel/UCtokepFs6ghsqXVupzyLbew,MARC神
UCttxWrvBhHIXbQhwiahRySg,http://www.youtube.com/channel/UCttxWrvBhHIXbQhwiahRySg,MBvisualedits
UCty7zz6T5Ge5drWlktYPSlw,http://www.youtube.com/channel/UCty7zz6T5Ge5drWlktYPSlw,The Modern Filmmaker
UCtzPb5NY3ePJB-5bowZL2zg,http://www.youtube.com/channel/UCtzPb5NY3ePJB-5bowZL2zg,GGsDopeshit
UCu5OlaYWsaP8R1dkVu2QsUQ,http://www.youtube.com/channel/UCu5OlaYWsaP8R1dkVu2QsUQ,BadgerBricks
UCu6E41sgKgyHgzF14QDJzAw,http://www.youtube.com/channel/UCu6E41sgKgyHgzF14QDJzAw,LarX Amv
UCuAi5SpEplDvB5KmdqZneaQ,http://www.youtube.com/channel/UCuAi5SpEplDvB5KmdqZneaQ,RobCreates
UCuBEXXwWGXcwOZQF2HLTCXA,http://www.youtube.com/channel/UCuBEXXwWGXcwOZQF2HLTCXA,L e s h k a n
UCuCtanBJXOPAEIAUXf9944g,http://www.youtube.com/channel/UCuCtanBJXOPAEIAUXf9944g,CD PROJEKT RED
UCuNhGhbemBkdflZ1FGJ0lUQ,http://www.youtube.com/channel/UCuNhGhbemBkdflZ1FGJ0lUQ,Ducky 3D
UCuU9jE4MHHEIyYMbDfUPSew,http://www.youtube.com/channel/UCuU9jE4MHHEIyYMbDfUPSew,Caleb Writes Code
UCuYtICsE4Esb4BWxQm4FJmQ,http://www.youtube.com/channel/UCuYtICsE4Esb4BWxQm4FJmQ,rudy kun
UCuYxs9R2XwOrM-T-rDRle5Q,http://www.youtube.com/channel/UCuYxs9R2XwOrM-T-rDRle5Q,Teditz
UCua5LriMrLoOelOs1ols9Dw,http://www.youtube.com/channel/UCua5LriMrLoOelOs1ols9Dw,彼 Moongetsu Audios 彼
UCuajyE6kZ9yU-qypGoJmXeQ,http://www.youtube.com/channel/UCuajyE6kZ9yU-qypGoJmXeQ,Wintermute Digital
UCud2Mx-0HETNTa52MzE1gXA,http://www.youtube.com/channel/UCud2Mx-0HETNTa52MzE1gXA,Sri Insights
UCuf_03PUIEoVpFkU_9-uWtg,http://www.youtube.com/channel/UCuf_03PUIEoVpFkU_9-uWtg,Gonz Miranda
UCuguN1yO9PN6Q0qR7BQT6rQ,http://www.youtube.com/channel/UCuguN1yO9PN6Q0qR7BQT6rQ,Grey Shack
UCurtSxNJ84kRQN1l9Zirq2g,http://www.youtube.com/channel/UCurtSxNJ84kRQN1l9Zirq2g,4rpithhh.
UCuz34rPklxJdEB0o8rvXg4A,http://www.youtube.com/channel/UCuz34rPklxJdEB0o8rvXg4A,luna.mp4 
UCv-7AV9139ZwlwTHiBwS-JQ,http://www.youtube.com/channel/UCv-7AV9139ZwlwTHiBwS-JQ,Hugo's Desk
UCvBrEzrV97A71rVKlTMr3qQ,http://www.youtube.com/channel/UCvBrEzrV97A71rVKlTMr3qQ,Once Upon A Time
UCvCDTSeEn_momO6UsEH861A,http://www.youtube.com/channel/UCvCDTSeEn_momO6UsEH861A,Leon
UCvRGzoMCeUv2wq5trzIgLZg,http://www.youtube.com/channel/UCvRGzoMCeUv2wq5trzIgLZg,Mtk
UCvc0ZuVqh0YZBC--SaO7e9w,http://www.youtube.com/channel/UCvc0ZuVqh0YZBC--SaO7e9w,KING_WIZZY
UCvd6ER_uN0BQiVsRKTPLLJg,http://www.youtube.com/channel/UCvd6ER_uN0BQiVsRKTPLLJg,R16 Interactive
UCvygq0h26QMWfRbiHbebTFA,http://www.youtube.com/channel/UCvygq0h26QMWfRbiHbebTFA,JDP Motion
UCw33gKQycuDSeqbFQlOm0UA,http://www.youtube.com/channel/UCw33gKQycuDSeqbFQlOm0UA,Teen Twenties - Start with Sai
UCwDPz23a95d0cyTVEtaznew,http://www.youtube.com/channel/UCwDPz23a95d0cyTVEtaznew,V7er_FX
UCwKN-SBnGjhqOtclW-fS7Qg,http://www.youtube.com/channel/UCwKN-SBnGjhqOtclW-fS7Qg,tez.
UCwT93FU6LIbnfFunlROXdsQ,http://www.youtube.com/channel/UCwT93FU6LIbnfFunlROXdsQ,Just 3D Things
UCwVBLXAj0pfOb3df21bBtyQ,http://www.youtube.com/channel/UCwVBLXAj0pfOb3df21bBtyQ,Explore with Epaphra
UCwffSP9kO8pMZVr1Ugqvbzw,http://www.youtube.com/channel/UCwffSP9kO8pMZVr1Ugqvbzw,HTX Studio
UCwrAHOe4THVvmVyFBAhtNqQ,http://www.youtube.com/channel/UCwrAHOe4THVvmVyFBAhtNqQ,magmafix
UCwrUFpDLwTsQ9I66zKyGJvg,http://www.youtube.com/channel/UCwrUFpDLwTsQ9I66zKyGJvg,EDITIXX
UCx-ju0tax2Z0EbzINYQLubA,http://www.youtube.com/channel/UCx-ju0tax2Z0EbzINYQLubA,CustomGear
UCx2SxlhDYl8Rhkw_PqwcdSA,http://www.youtube.com/channel/UCx2SxlhDYl8Rhkw_PqwcdSA,Temple Monkeys
UCxD03AhBg9LWQuJfijnzhhQ,http://www.youtube.com/channel/UCxD03AhBg9LWQuJfijnzhhQ,BBC News Tamil
UCxDYM8Jw9wcg7SJLVdGPbsQ,http://www.youtube.com/channel/UCxDYM8Jw9wcg7SJLVdGPbsQ,MvK
UCxG6U2dcmxVt2QxobroSNBQ,http://www.youtube.com/channel/UCxG6U2dcmxVt2QxobroSNBQ,EliableFX
UCxGHttICaaWJKBXsH95Dtgg,http://www.youtube.com/channel/UCxGHttICaaWJKBXsH95Dtgg,Infinity Motion
UCxJvpvmn_kInfdWcI-G85bQ,http://www.youtube.com/channel/UCxJvpvmn_kInfdWcI-G85bQ,Fajium
UCxKYkY9dQEphPyanndv0YlA,http://www.youtube.com/channel/UCxKYkY9dQEphPyanndv0YlA,XENOZ
UCxLrgE_1uRd-EROP0R9-50A,http://www.youtube.com/channel/UCxLrgE_1uRd-EROP0R9-50A,MOBOZ神
UCxOHqUoVcZL5xFtsfxSSRYw,http://www.youtube.com/channel/UCxOHqUoVcZL5xFtsfxSSRYw,Dr1zzy
UCxU35GG0rWtQhuOgWRU0HkQ,http://www.youtube.com/channel/UCxU35GG0rWtQhuOgWRU0HkQ,Parker Landgren
UCxbmORJdaxtV6092OhI6JsA,http://www.youtube.com/channel/UCxbmORJdaxtV6092OhI6JsA,Heyalisa Motion
UCxladMszXan-jfgzyeIMyvw,http://www.youtube.com/channel/UCxladMszXan-jfgzyeIMyvw,Rob Mulla
UCxsulrNQCGxjZ304P3IB6ZA,http://www.youtube.com/channel/UCxsulrNQCGxjZ304P3IB6ZA,Video Editor Studio
UCxuGb21IugysbNFlJ-uD4Rw,http://www.youtube.com/channel/UCxuGb21IugysbNFlJ-uD4Rw,Elliot Mosher
UCxwR36p9yhwpOO5HLrqdBPg,http://www.youtube.com/channel/UCxwR36p9yhwpOO5HLrqdBPg,Autodesk Media & Entertainment
UCy0vOyXsILxsrE7Y6M33QJw,http://www.youtube.com/channel/UCy0vOyXsILxsrE7Y6M33QJw,NICPPX
UCy1f4m64dwCwk8CBZ_vHfPg,http://www.youtube.com/channel/UCy1f4m64dwCwk8CBZ_vHfPg,CGMatter
UCyHLCerB4xP_o3e-igxe6kA,http://www.youtube.com/channel/UCyHLCerB4xP_o3e-igxe6kA,dicat_dragon
UCySDv6MwZHU-7ABHO09tlUA,http://www.youtube.com/channel/UCySDv6MwZHU-7ABHO09tlUA,TMC
UCyTdc-tsGGjFWZZAiwe6-Lg,http://www.youtube.com/channel/UCyTdc-tsGGjFWZZAiwe6-Lg,PixleLight
UCyVIzF6Uhw2KE1Y8fupEnQQ,http://www.youtube.com/channel/UCyVIzF6Uhw2KE1Y8fupEnQQ,Shyam GM
UCyZGmgoaKs7wf1q4iMojF8Q,http://www.youtube.com/channel/UCyZGmgoaKs7wf1q4iMojF8Q,zenko雷
UCyqDYVvfJRRxrAmbZ_JVOUw,http://www.youtube.com/channel/UCyqDYVvfJRRxrAmbZ_JVOUw,CB Super
UCysXflqUMpUxOf1fiqDjn6Q,http://www.youtube.com/channel/UCysXflqUMpUxOf1fiqDjn6Q,A Blackbird Called Sue
UCyvpPtJrbri5lHykFf7qwUQ,http://www.youtube.com/channel/UCyvpPtJrbri5lHykFf7qwUQ,Start with Sai 
UCz75RVbH8q2jdBJ4SnwuZZQ,http://www.youtube.com/channel/UCz75RVbH8q2jdBJ4SnwuZZQ,Blender Studio
UCzFqAVBFHiAGRFVO6pekKQA,http://www.youtube.com/channel/UCzFqAVBFHiAGRFVO6pekKQA,Prism Raven
UCzUkYRCLaWNm6MgPq6NiRhQ,http://www.youtube.com/channel/UCzUkYRCLaWNm6MgPq6NiRhQ,Molob
UCzUyasGg5A03r3zPkorqIBQ,http://www.youtube.com/channel/UCzUyasGg5A03r3zPkorqIBQ,Learn Color Grading
UCzi2-wRCFtAsD4XPN73-pDg,http://www.youtube.com/channel/UCzi2-wRCFtAsD4XPN73-pDg,RP Studios
UCzn4hUAhJIwm3zSq4DoWctw,http://www.youtube.com/channel/UCzn4hUAhJIwm3zSq4DoWctw,Adam Blue
UCzqFnIJVQ1hVI-WZ62Sir1Q,http://www.youtube.com/channel/UCzqFnIJVQ1hVI-WZ62Sir1Q,Compositing Academy





